id,name
49439875-8dfe-4795-ae89-caca5c8faf86,Patrick Walls
c456ece2-e6b5-4c27-854e-90af17bc1163,Sharon Sawyer
db1b0b04-0e67-41bf-afca-43dbfabddeed,Terry Rice
6bf6a458-50eb-4396-a3f5-5c97bdc8ab10,Christina Howard
d6f6d3e6-7600-4cb7-9fdc-0cec59f42618,Erin Lucas
b6c96fc8-b1be-4d10-886c-0a69110de0ac,Robin Vargas
346f2e53-751c-414b-aaa9-2913684f99d5,Dillon Flores
74b61eb6-7b13-4428-b1f0-e553179e7c98,Cameron Smith
b7a054c5-1c34-4956-9c48-c07b72acfa96,Jaime Hester
372f9f28-2458-426a-8046-cc7ba4fef3dd,Deborah Page
fdcf9860-461e-4f95-b769-faec51f0f9d4,Melissa Sanders
1b2f7d8f-fe2f-4748-aade-fb0605749530,Caitlyn Hill
e927db6c-e988-40f1-8ae0-1a0de6c0bd78,Rhonda Small
96aae5f9-1bd1-453b-b1c2-30b279e67053,Mr. Clayton Kramer
c5745454-736b-476f-9cf9-329c1b1df4a0,Wesley White
173b8a4a-c533-4bae-b09d-dd347d1d13ea,Sean Jackson
56a0d4aa-52f8-4a2c-8708-0d496db1cdca,Christopher Barnes
30bb40c3-f8b9-4e9c-992e-ccb0574fdda3,Daniel Cuevas
23567578-71ec-4d1c-8a58-a55c8e00db25,Mary Vargas
fb570833-2cd9-432f-8fc0-8dbe6edb716c,John Hughes
91023845-0102-4d25-a17e-48177d7a3f00,Karina Thompson
5b20c885-ff9e-4e64-bf88-df75ab9a209f,Joshua Mann
9795b474-ae42-4a5d-b3f6-812712165fd7,John Hall
df68cdcc-6784-4adc-83e6-2dca774c6f94,Francisco Parker
d28c6b4f-eccc-4071-b066-7e5d867b573d,Veronica Garcia
3a690306-031d-459d-ac7b-a7b35245ebd6,Amanda Hill
17b47f0c-0583-48ec-b590-048018254069,Tamara Wallace
eb494b0f-c6cd-43ba-9c79-ce875b44df07,Casey Miller
66d93924-c40e-4760-849c-166d1451d993,Brittany Thomas
c30fe458-bd6d-4fdc-834a-c3d080a85b07,Daniel Mendoza
df52c16a-e93b-4ff3-a8c4-d1cc7f38dcb3,Kyle Evans
15b16273-6f0d-462a-ac4e-ab176b9bcb11,Aaron Williams
d0cf2310-e70f-434b-92a3-b397d2e2944e,Shirley Kim
15377b3e-2e29-4df0-9a8f-5c25ecd4e0f6,Vanessa Howell
c36b0c4b-8b81-457b-ae8c-f0f6fa090177,James Gutierrez
349e5af6-d36a-42e2-8323-88bd7b1de8e7,Kathleen Rivera
61819076-fd94-4398-8784-4ebb23a33fb2,Michael Meza
7963e00f-050b-4760-bd10-08173163deb6,Latoya Garza
e97ccfef-f1d7-4869-9f73-f6a5c4364842,Jeffrey Gutierrez
358ece90-5ac4-4754-84c5-17ac89257d87,Christopher Graham
83ef606b-471e-4889-a455-15ab1207d49f,Ryan Hart
cbc95f97-ce17-4630-b046-be9aed49cba3,Melody Wright
f7a9e652-49b9-41d2-9784-5d6b6c5ea088,Pamela Peterson
6794a467-8206-427f-aba0-e26d1dd4c0c5,Benjamin Thomas
67b18d38-6268-430d-881e-5ce9ad87b050,Leslie Cruz
0e80cab3-8e21-4638-9c37-6c1ed7180511,Kathryn Day
ab813af6-3569-4fc4-9440-e8e226ca8004,Brandon Shannon
5d99c38d-7853-4300-8605-da3eb5162d93,Kristi Washington
d4bd3f08-bffa-48da-ad95-134dd4515258,Jessica Robinson
a0aa56d3-58bc-4072-b599-27ebedab2dd8,Kristina Smith
9e6e900d-6512-4952-b37a-8a99e06321e8,Garrett Black
5fdf5e78-b3d3-4ebe-b9e2-e22f421e3207,Lawrence Brown
6ea6a7b4-8eec-4db2-aaff-a83faee0bad0,Brenda Dillon
c410b069-b279-4a92-b4c3-53dbf7cbd2cc,Christina Patterson
34ae7df0-e919-4b4e-9abf-85df4d81d147,Dr. Matthew Hancock
b59f8d37-84fe-4144-95c1-ee6e5a6849d9,Sean Bates
4973c0ee-b4fb-42f2-bc11-fb06550bdcc8,Joy Peterson
35888ea2-4c5a-473c-a141-e8e0ca55f66f,Allison Harris
3d66ae9f-b972-4cb7-951d-7b7b337277bf,Michelle Roberts
3ee799ef-4444-493a-abd6-8eba61dfa738,Jennifer Richardson
441f4ae8-b37d-4f87-b6a8-47f60be40579,Richard Cannon
5f0c03f6-0739-43e4-bbd9-242d8b77d9ef,Russell Mitchell
cb60f8b2-faaf-440e-a1b0-3b1f5bbe5f2d,Matthew Jordan
b03a5c2d-0b2d-4379-b3ae-a711b0229051,Alexis Cervantes
8dc053e8-cf6d-4d27-b976-b4cfd6ce58ff,Nancy Mercado
cb017bf4-9422-4a1d-9755-00715a283edb,Maria Cherry
ab79300b-bd5d-4637-a406-6be152949095,Steve Blanchard MD
02aa3662-3cc9-4d08-91ec-79dc7754e236,Brandy Harrington
68c211ec-d69c-409e-ad53-e6afcbdfe9f9,Michael Carter
7204a0d1-a839-43a7-90b2-c254060dd354,Abigail Lindsey
fcb7168d-f85c-47c2-b775-5ae0d3f6f577,William Diaz
5ca877d6-dd86-4aa1-b8e9-bfcfc592b428,Kerry Tanner
785aa1fb-c3a7-4e53-853e-343e9c0c946b,Richard Lee
caa66029-c8a5-410c-897f-bc20c600269f,Dylan Lopez
3b838444-c990-4872-8e6f-f69e5dd2537c,Pamela Harris
2e220dd7-cd8d-4a3b-9b50-7a431d6e908c,April Curtis
39d468c6-530f-4ae0-a6de-a5fa9f19920b,Ashley Santiago
53ed81cc-00f9-4925-8773-84339e094d0c,Lauren Rodriguez
ba236c13-89a2-4072-8809-1714496eb83d,Erika Phelps
88349780-1050-4e49-8e22-754af5cbc74e,John Mcgee
7ec1828b-6cb9-4fe0-81f4-46eba966c251,Jason Richards
0837b5a7-ae7b-4a87-be94-4bab2faab937,Kevin Castro
a0557f84-baef-44e6-8a4d-80f52ff72575,Kenneth Hudson DDS
dbdc215e-32ad-4f21-b7ea-cca44a979129,Megan Forbes
c684a1ac-02e5-476a-a3b1-56b9b9e8f62c,Stephanie Anderson
452fa34a-c293-4061-896e-55f9a850879c,Sean Koch
8f8faa03-a869-4b58-b7cb-6094a2fc4cbc,Mark Taylor
d1793f82-91e9-4bcf-a74e-c07b0ee9dc4b,Thomas West MD
629386a1-fbaf-4e80-9470-4114c41b68dc,Amanda Nelson
e1853a03-5d65-4260-8902-12ae8679bba7,Paige Lawson
b4215713-a57e-4f12-9619-18c1a8c41bfe,Brenda Hall
a80c379e-02c9-40e5-837f-327dc05a6273,Michael Harris
5e74698b-702f-4a03-a7db-bcc16a1cbf7e,John Larson
f544955f-4c2d-410b-ba44-2621acb02a83,Karen Garza
74346ecc-e0ad-4cef-9987-8819df9c9ba0,Diane Nguyen
6acea6cd-e846-404b-bd93-fcd051e12890,Eric Adams
d3a740dc-c5fc-4fa3-8a4c-8622a87716c3,Jamie Hughes
243703a8-14f1-4775-946d-367b2eabcf93,Michael Murray
d6429da9-5367-4f2e-8d1c-f9042202e3b6,Victor Ramos
6f214c75-3987-4457-b568-5b8adc3ffd74,Andrew Stewart
2f846cf5-b03e-4353-af1a-b4f811e9b639,Misty Reed
69bd5f83-4f14-4fc2-842b-ea95514c8bb6,Wendy Ramirez
48bd9d01-3788-4138-97fe-69a8d58a338b,Cynthia Alvarez
3c6cbab3-b4a6-450e-8f6d-4235692e0c4a,Michael Ball
167b74e9-2667-4a33-8e95-96796e63cce9,Anthony Murillo
7a0c657e-520d-4d75-8135-92cb826c6bd8,Lori Butler
995a656c-8d9f-418a-a478-024a631442aa,Suzanne Farley
2d3b1d70-c9e5-4923-ae9b-8e83b31cde86,Christopher Hall
ecdf226c-7d31-418f-99f8-a84045e9bf47,Kevin Martinez
6f596db8-71bf-408f-9494-de197b83e90b,Miranda Dixon
dfda8b6c-3892-4034-8411-a582af5060f8,John Simmons II
7693ab8a-898a-4304-97ae-7f09aa64596d,Amy Farmer
7f86a58c-7287-42f1-b04f-beed070bfc03,Dana Mcdowell
3592c62b-1a66-44ca-8e37-0134ba27d2c0,Ronald Jones
79055509-ea25-41d7-bbc4-b80bc37f4d4e,Denise Anderson
b6b7f859-9313-4def-9dc8-fe1ba931dc77,Amy Andrade
a0d7b89b-a30d-4db8-af6d-4b0db1c83af6,Christina Terry
0d2ef348-450f-4a82-a6c0-c50378bd8f9e,Natasha Wright
c813c2f7-1574-47a8-b724-5469c340a332,Rodney Gonzalez
9d036912-a394-48c2-91d9-485dacb9c45a,Susan Meadows
63c2a1d1-2402-455d-ae3a-c6bc8de4e598,Todd Burton
33333f77-2c2e-4818-9249-9f85483fe858,Kenneth Lynch
c4251fe8-3f2b-4d50-9f32-bc383bb677bf,Stephanie Carter
10d7c73b-7fc6-4d40-a1e4-a94931fac23b,Shawn Baker
d166efa8-a163-4058-8447-adc38c589f9b,Craig Owens
9b78e5b9-1725-47e4-913a-8dfc34a5da70,Mr. Matthew Meyer
4b649277-aa19-4e33-a1de-bcc74183d0ed,Benjamin Brooks
7f24f8f9-d12e-48d7-858a-fe3d3e49288a,Andrew Aguirre
22371251-9848-4778-8062-4b17083b61bc,Christina Rollins
054d9121-5919-48e0-9479-b66106bb5002,Amanda Herrera
a26e2d0a-52a6-40dc-a272-c4480f140dd3,Matthew Dawson
f9890b2a-c5f5-4085-8753-ea6e84db94bb,Jennifer Erickson
c51f5445-cb24-4695-b833-a6450627f178,Jody Valencia
077c069e-384b-46b5-88e4-0f46479e4ccd,Melvin Ingram
d1d5ecaf-89a0-4dd4-b155-77258e8ea85c,Amber Cortez
62ddce06-e96d-44d2-a4c0-66b9c9b55172,Jessica Wade
87e64bda-19a0-4c8c-83b1-e563993f245e,Joshua Wells
26f0af95-f17d-4673-996a-0b79736903b7,Justin Taylor
992547ed-1acf-4b6e-a76e-6fd026dffb8c,Ann Yoder
4d8eba87-dd87-487f-a511-3dfb48afb932,Justin Chambers
8a481894-ede7-4972-a72b-39a397499c1d,Dr. Shannon Carter
b958d279-1a8b-44cf-b4fd-5b005092d92e,Emily Barnes
783857ce-940c-4b2f-b156-1575ce4aa139,Jay Haley
ef3ffc0d-b884-4fc0-ab76-fe7d9f5a21f6,Andrea Callahan
c11bd6d3-6436-4c6a-ac0c-d547ebf69c3f,Brian Velasquez
4235706c-02fe-4197-a3f0-09066c97eba9,Bruce Cole
4604e5b1-f159-4848-b367-89962ba89d34,Sarah Thomas
ff2985d7-cd42-44fb-bd7d-27e399a45216,Alexis Mcpherson
250c4764-153a-435d-834b-6d27efa75996,Kenneth Wilcox
2c704b0b-b4a4-4310-9235-7df660a27fb9,Richard Martinez
bb690ead-3e01-44dd-8798-98769ac9b798,Debra Morrison
4254e4ea-a09f-4354-84ec-043c9fc9d88b,Edward Bush
067da21e-988d-4f5d-b363-17fbe9589999,Nicole Bailey
0afc5145-c10e-482f-9f15-ccbd3c64ec66,Courtney James
1c11a1a3-58bb-44ba-bfe0-8c9d634a8c6e,Michael Lucero
e9e8d6a2-23f1-4299-91ee-3497c9bfcb0c,Vincent Clark
8b4f3775-9db0-4f28-9b33-d4151d268432,Cindy Adams
f354fc8e-b2c4-422d-801f-9b624940d2e1,Travis Johnson
28a76c03-8c42-48ca-99e3-8bacbe4a630c,Alicia Webster
8c889193-4cbe-4a60-9074-a6156fc59d79,Brian Cordova
bf2b2a0d-723b-4929-8026-9a459bcef406,Michael Gallegos
9685b59f-65b0-4f8d-8482-94cb9fe31181,Ronald Tran
e1bb967e-1de5-4f84-ad5a-70a97a1668ec,Arthur Evans
2c70687a-4286-456f-84dc-9ce32526254f,Curtis Moore
25e0a926-a224-4e70-92d3-600bef6fee2b,Molly Smith
2ad1013a-8c9a-4ed9-a09b-a6a4b594238d,Anna Hunter
9e19cc7b-94ef-4967-85b2-1bc97ee404e6,Nicole Martin
5f296c92-fd5a-468e-a09c-41888b432a68,Scott Smith
57f739d2-c5ef-43c3-a4ec-638ec8a29c80,Amanda Johnson
b355589e-c4b3-4747-b0bd-f060c545b51a,Kenneth Nelson
fafa7bc0-9af2-44ed-8146-a55a09e18de4,Holly Lee
37e22760-45e1-4804-8aee-d90673dccb23,Claudia Rodriguez
19ef2de7-5fa9-4b93-8784-b5bc59f47cf7,Joseph Griffin
a880da2c-3e08-4b72-9f7d-5e87e849de20,Nichole Brown
9745998e-7ae9-4b49-9785-cf8ef20ae098,Christopher Kim
0b01a168-05c2-4645-aeab-8633b8b42ee4,Ashley Johnson
75ff9690-d316-4ba7-8ade-911f91c096fd,Susan Maxwell
c2ac36e5-e653-4162-bacd-c31b914f0cc1,Steven Brown
54fc7f44-141c-4a0a-9c22-c9ea3dae2ef7,Rachel Graham
ab264614-7176-4bc2-b8fa-3f7bc09a5947,Kimberly Kaiser
38c99b81-0214-445c-a933-89acc47de031,Michelle White
5e3af288-f5ac-4bf6-85fa-3bc8509867e0,James Jordan
c2c28de0-8cbd-4ef1-9790-2e14faf93572,Matthew Grant
b458ff43-2893-4357-8474-2d5ec490eab9,Jeremy Shannon
b23cf09c-5e46-4a2d-a6f0-506bc7b07462,Dustin Macias
c3a07762-35d1-4892-8016-34b2c824072e,Stephanie Adams MD
c9f8203a-37ff-4150-92d4-f0fb959ca7dd,George Moore
7af4be71-7b06-4653-a106-9cefdc1cd020,Mrs. Hannah Figueroa
e81b9a5e-d855-4bc0-a459-93334e8a7369,Sally Eaton
3a4abd04-7e90-4c29-b569-24ad677ed693,Cheryl Robinson
af34a4ac-c1ff-4b46-b7f9-cb4ef38068bb,Ryan Carpenter
30d07431-66d9-40fc-8759-7826f0452b50,Scott Harrison
50d04358-8592-4a98-9968-df5268d685f7,Roy Young
91162e00-ffe8-4099-a8d4-2f0ab53c2f0e,Leah Estrada
a8ebfd4c-a06c-4f86-9f01-02a18f62c3bd,Ray Mitchell
6cb28680-cbb7-477e-90f0-86219abeee5d,David Cooper DDS
fd5ed1b1-65aa-439c-86d5-a033900e23cc,Jonathan Rowe
938178fc-ed7b-4ca3-9f67-6a903a4ccbe3,Ashley Ross
dde3abc9-5bc3-40de-bed2-b0d523af385a,Stacey Miller
446ff4d8-3b31-46c7-b315-265918b6f959,Karina Zimmerman
070ef593-ea40-4f25-aa77-b529e79f9acd,Wyatt Bates
5f95788c-cda1-4f53-9d95-db4589916bb0,Michael Mendoza
158f163c-0649-4315-8344-f52e0ce83a1c,Kelly Palmer
f95f5d16-602a-4329-b09f-1c5b978b6645,Bradley Shannon
20086c16-6b58-4c0e-a0ab-367d3b499c03,Shannon Alexander
8ba9f128-c2d4-41a4-a7d1-10d744c19b65,Adam Carpenter
03281ec2-126a-4852-98c9-0b49cd4ebfe0,Mark Smith
b7da6377-3ffa-416f-8d37-1c7a487fc80d,Michael Acosta
d7819a20-39ac-4cbe-994c-425a8f88ef98,Kerri Wilson
6533f4cc-fdc1-49e3-be3f-f387343b4cc2,Mary Kim
a6991593-3067-479d-8cf9-e7ebefb2eac9,Tiffany Turner
b974eabe-04fd-4a5c-921c-8fc5fc2ec7f5,Justin Leon
79bfd9ba-c90d-47d2-b3b1-0057975225e9,Eric Francis
22f3cc52-4683-4809-91ea-c7e48047b21e,Ernest Bowers
fa436f77-7cbc-4700-a707-1e921cb8dda7,Mr. William Baker
69fd2ba4-10c2-4758-9332-0381dd87783b,Bradley Monroe
74278dc7-88a5-47b8-847b-499de867d93a,Charles Oneill
a9c112ef-9dd0-4ed0-940f-be90c4179152,Diane Marshall
ab7a6af6-bfe7-4a98-a6ea-1a3388db7944,Ashley Roberts
7ad7df6b-b850-4e8c-a130-3b7499b4d267,Carrie Wilson
f117bcdc-af47-4989-9f2b-064a7151638b,Nancy Rodriguez
8807f972-c8a7-429a-bb57-bee5f16811db,Maria Guerrero
5174e1ef-7e71-40a7-b479-cfeed20fa028,Barbara Jefferson
fcf4cd71-8379-46d1-a54d-50afacd84cf8,Kyle Jones
9e2cb339-7f0f-4544-9798-ef2a842a8c84,Stephanie Nelson
914270dd-6ff9-43d7-b528-b56bffbe54bb,Gary Horn
34b81166-6769-443e-a6b7-28843f559d46,Sara Henderson
8ef65c4c-62cd-4dd9-8bd8-3c0c460f7c99,Matthew Schmidt
d99817c6-1a85-458d-88e9-3a918cea4ce3,Ryan Huynh
1be73951-f65f-41a2-be96-bf8fa4e2c1aa,William Ayala
46a9e42e-416f-4066-a578-e0cd482c3818,Susan Bennett
45b7e43d-2d0e-4bb1-b99b-9356a0b35b6d,Hannah Davis
6be30071-7c34-45e9-adc2-6035ca8e1613,Jeremy Hernandez
5c1af34f-1700-452d-90e2-c4868995c04c,Timothy Waller
5e3836b3-dbbc-4185-b472-e589a228c034,John Drake
70ec5714-b6de-4e8d-86e0-de687223f46b,Justin Barrera
29c8d089-b0fd-4d1f-a96a-218f10bf1937,Julie Robinson
fd29d478-a0ec-4172-a289-cdd66fa6d982,Stephanie Love
e242d2c6-1b3e-463d-b1ad-59119652e956,John Brewer
658a4349-c20f-4dc7-99bf-eabc334e2fa8,Bill Owens
5e031ad1-27a0-4e10-9901-ae09d5a640ec,Patricia Dickerson
775f509c-d3f7-4e4b-b75d-7234b68944fe,Dillon Jennings
69597e7d-e299-41bb-8b7e-0d5d12a799f4,Donna Garcia
7d661b4d-fb0f-421a-b85b-5f8b7a80824e,Yvonne Watson
99c9a689-6ea0-4db8-b2d1-d26b122fe597,Troy Hayden
706c8717-280e-4cca-8ee0-5ddfe65bdbbb,Richard Holloway
f377291e-ac9a-4fba-b040-791e33ddfafe,Heather Monroe
cc846ae6-1f89-4a39-b317-97681d71705d,Donald Diaz
06e43ff7-4e73-44c9-8a0a-5272989ce2ef,Julia Baker
344ae219-60ab-4351-a681-5a5056f3f387,Lori Butler
823bd05f-04db-4203-a122-61d2c1d8cb60,Bethany Baker
43b95975-dfbf-4c05-bba6-e76ec012a683,Danielle Gray
e52886c2-5ef0-4623-975c-e5293fabc597,John Washington
c33ff7c6-fe72-45d0-abbe-ce9bace1765b,Michele Mayer
c31e8718-0d95-4622-ba34-dad986dbc511,Steven Flores
db1bc24b-2af0-4259-af20-d2a1e48187c3,Erin Flores PhD
a64e2c02-dfb4-473e-b78e-b97fe97d6c17,William Oneill
2ba0a94a-1ddb-4c8e-9574-1d729e3b5ef4,Michael Baker Jr.
3e83ba3c-1d98-4fb8-8e8a-b84e77db2721,Jimmy Bridges
f0e9c7c5-c0e6-4d65-a422-954d4aae20bf,Jesse Moore
d5091906-3a46-4bf2-af6c-abd32a60924c,Charles Waters
697a3a9e-49c6-4712-b1d5-bf2948c41153,Sandra Norman MD
28bb523e-1256-4731-b2dc-675c8b2e98b2,Kimberly Jackson
9eeff579-453f-41be-8fb8-9b317715ac29,Elizabeth Chapman
45d9e7d5-5d09-4e1f-bfe8-a0530b44b569,Chase Garcia
163c031b-c66c-40a2-91e9-a5105604d3c3,Dana Smith
b945eb32-9686-4c2a-89c8-af8d03eb114e,Brandon Lang
38b0ab56-3c91-4439-a929-f106236695e6,Anthony Wells
62f2f55a-4f0d-4e9a-a523-437fa530fde0,Virginia James
eed50471-cb2e-4f5e-911d-c8d779da263b,Lauren Love
15cd83a8-c75d-4603-b995-cab5a844fccf,Martha Pineda DDS
a91b35fe-cb44-4d4a-a1a3-e951a3ce3307,Dale Colon
55d0261a-d236-4117-862f-6207a44e39cb,Ryan Byrd
97c31ddb-aed4-43d0-8b99-bb32d51a7e35,Victoria Edwards
34e82996-2f4c-45ff-9cb8-7507c0cda1c9,John Norris
8cc5ecbd-c645-40c3-ba7f-a19b1a727db2,Christian Mathis
8b2aa735-fce8-444f-97bf-5d7124b975d9,Sharon Marshall
a3262b65-6a13-4dd3-b38b-35b409310e35,Beverly Parker
c8939efe-9e93-491b-b30c-18b840bca842,Louis Walker
a2ef0aa9-b6c1-4213-87d1-4f6767b077dc,Julia Velazquez
86fe8882-68ed-4689-b35f-b799593a2d5e,John Blackburn
6d36da52-4f18-4bdd-adfc-70d291655735,Karen Sanchez
4653a131-41ec-4b51-989e-32657d4093df,Madison Mcintosh
667210d4-0818-458a-b559-b46fcb5f9050,Aaron Wilson
a8fc853d-9a9a-4f48-b99a-518d7aea87d6,Gregory Werner
df9f09e9-9b88-4842-9e03-6451b389eda2,Brittany Rodriguez
a6914c2e-f182-4a7a-b42c-79b7d5ca189f,Alyssa Alvarado
2cbd20e4-8e60-4c06-acae-9822c15e927d,Amber White
3964102a-d910-449c-972c-273f4b6bc066,Stephanie Hanna
91274f68-85fa-4845-8160-f311dc76b921,Diana Webster
49ba6ddc-44f1-4b24-883f-b1b598aca9fd,Nicholas Gray
a61701d0-5fed-4439-ae18-8b95f09be94d,Melissa Roberts
db3c6b1d-0bf5-43f4-a8ce-3968f6ff7634,George Cross DDS
566146c3-4309-4aad-bd06-a63f5f1398ea,Michael Figueroa
d4b01405-59ce-43e7-9d1c-c4da71449efd,Vanessa Schmidt
dbff728b-5436-47c5-b8ce-9449a994b8cd,William Kelly
4d85e08d-495d-4fad-bcd2-1d351a7b8563,Dana Gentry
0743909c-340d-4b36-87e4-a63d3fe59dc2,John Fischer
e493ecb3-b981-43bd-ad83-be85b2a89327,Brenda Kent
490468b1-0dd4-4ae9-988a-8db1d7bc201c,Christy Rios
3d4bc68c-c173-411d-8536-54cd53539ce9,Alex Rosales
37149645-2a8f-47cc-9c1c-1159171a1f1e,Jessica Taylor
86ad22e4-f5f3-49b0-8145-03597c113b1d,Tyrone Ryan
02222a89-7278-414b-93ce-7004abfda5a1,Sarah Smith
d8fd37da-27f3-49d6-bb5a-d8adab7eb43e,Dorothy Schultz
d296c2c2-2f86-4f9d-bcef-ee9d6bdfb9c2,Sydney Wise
ee24f236-999d-43b1-9268-e35897f4391c,Gregory Garza
f6a03591-40e9-4527-8a7e-650dab37cd59,Tamara Hinton
d1161338-7774-4286-a5d1-6550d3859a9f,Jerry Thompson II
545ea310-2a19-4f78-bfea-a8e987a1a0ed,Teresa Ortiz
36bbb264-bbba-44b1-a983-0cbdeb15f469,Kimberly Barnes
4db55891-505e-40c9-ba20-f3463def991b,Jacqueline Pineda
cc8c2ee5-00d9-480e-a572-4d36f88703db,Amanda Hodges
14eac365-86c7-43f3-87d0-e4c4d35b8688,Martin Cook
20153e97-0c34-4d8b-9b69-f7f1dfec8ba2,Sandra Ibarra
b6df59cd-675b-4d3c-960e-5f87c23b22ca,Michael Cobb
afb5b8cf-427f-4856-9fad-51c9c84f01aa,Kelly Holmes
5a6157f3-0b54-45fc-99ad-a8b1b794dc07,Timothy Gutierrez
acf02dcc-13d8-4a41-8965-8bb78b04b798,Kelsey Taylor
359e8c6f-0f7e-4db8-85b4-2b244c5b0273,Yesenia Mcknight
0ecb0546-17a5-4445-91fb-69cc49aae74b,Anthony Stout
559aadd2-5393-4da7-b401-b910e0162913,Cheryl Campos
d710f8f6-e97f-4aed-bcf5-498b9fcb76a4,Derrick Brown
97c93337-ab76-4800-b62d-61306793310b,John Anthony
a0b1e880-4f0c-4d8d-913e-5e8b0e88ba04,Kim Moore
0c625720-3c07-4937-a8af-e830ba9e5a91,Brandon Roy
3ef3cd3b-eafe-461e-a087-477bd43af0b9,Jonathan Arroyo
bc7c36b9-46e1-4f4f-8f06-006ed59a1126,Rhonda Gomez
9606ad7d-eb5c-4fa7-b79d-8a05c74059cc,Joseph Boyer
754bbf90-fae9-4a24-89c5-96aefbf19fc8,Jonathan Bennett
a5adf695-29a6-4d00-a4b6-d525309af2ac,Wesley Jenkins
5ddad134-08de-4713-97ce-42757b16bf46,Brittany Brown
1d8ce712-f394-4eb8-b4e0-9d1410935907,Angela Stephens
abcf7073-a8cf-482d-9821-57d58995c10d,Stephanie Koch
bbe8b7c7-6b19-4d98-9684-cbbb54b705bf,William Ayers
6aa1e963-acc1-440e-9252-50fb0a8ddfa0,Nathan Murray
d4845704-77d7-4194-8d9e-c3e87fc0e5da,Kevin Jackson
520b60d8-dc6c-4349-94fa-aed592c7cf20,Kyle Mckinney
7dcf57e3-5bb2-4577-9c45-c12bb3e54c69,Zachary Holland MD
214f8b9a-9c59-4a05-a6b1-1ce475ec493e,Angela Armstrong
7cfa631a-4564-4e6f-8eea-2f45589b49a4,Blake Matthews
d2bd4ba3-b71c-491e-8dc0-732d12580d9a,Stephen Young
55c99e1e-881f-4f6d-9fe4-497ddc203c2e,Diane Davis
cb395e78-a4a2-45ff-96ca-66d003d79992,John Marshall
428dc32b-c0c8-4dca-9ea8-9cf40ec38176,George Farrell
9851b593-9358-4337-bb32-cdb7cb43b267,Ronnie Anderson
aca9653a-9108-4277-b182-162a8fe91734,Kristin Mcintyre
c96789c7-951d-427a-8fcf-f2c1dbf0653e,Jeanette Johnson
2a7b0339-664c-4b86-a376-ece01996b8a9,Julie Taylor
004985f7-e1f1-4d7c-8842-207d9f30f7bb,Kimberly Schneider
e80c89ff-c93d-4369-a5b0-adeda7ff4ee8,Matthew Stewart
bd023aa5-db12-4064-86b2-6092b872e251,Michael Rodriguez
d1dfa3e4-ce87-43a1-8068-099044849e8a,Kristin Payne
b5e5ceaf-856d-4ae7-8599-b06e867c312b,Abigail Wolf
a79d3a37-bda5-45cf-a00d-641c2258593e,Julie Wyatt
d63a0500-9aa7-43a1-b56a-78b841e6d0e3,Thomas Peterson
76f987d0-f005-4331-be1e-1273bad68207,Heather Lara
c6dc9455-0fb2-42a6-afb2-89f2611f6734,Kevin Farmer
6ea77c4a-c470-4835-a4f7-095ff60cb444,Jeanne Morrison
2c691292-cac8-4f75-8c40-700e937debef,Steven Escobar
9ff0ccdd-d8b7-4c5b-b5c3-7cea9460d95f,Mark Garcia
1e499752-4b5e-4966-92d1-485c149be99a,Victor Bullock
57933d86-2a15-463b-8110-4f93924ba780,Valerie Russo
41a361f4-3ced-4ad0-8c34-b99f5fe16c08,John Richardson
c583aaf7-2c72-4854-8ddb-416bc36e5180,Cole Kelly
e002ca9b-2c79-4bbf-bb09-c5edf3812c66,Heather Mason
562b4e79-854d-4048-851e-af7e38e313fa,Nicholas Cohen
13c380ec-b6ba-4acb-83b7-196557fbe7a9,Ashley Martinez
7a2aa6bd-be1a-47e8-99dd-4a951f620c80,Jennifer Atkinson
cd888911-2c37-45a4-b9f2-86b814271cfe,Jennifer Martin
b18df58c-fbf2-4168-b569-e71ad82ac71b,Jennifer Johnson
fde4f514-e794-417e-9252-383a323a9b12,William Sampson
d0c0962d-9853-4bcf-9200-b08a8c01c40f,Steven Vaughn
2ff100ce-090c-48f1-ad83-abb1fd9c7b48,Savannah Murphy
5aa5854c-b3c6-455f-b9d7-34ffdfa1b7a0,Christine Mendoza
80e1045b-701e-4efb-b192-c484e69e2bb6,Karen Bennett
9d540985-1e41-40ee-81dd-031abc226819,John Miller
084ff1b6-c859-4f9a-93ab-9eb63872f256,Katherine Spencer
ab756f16-e645-4fec-9f46-34493baf24ce,William Davis
29212257-055c-4184-9ed2-7b37e913e78e,Trevor Pierce
fd31bbc6-f15b-4a8b-b305-c9d4bea3bab4,Benjamin Johnson PhD
0456d453-495b-4871-8ebc-df1ec4942c91,Brandi Jackson
342f972b-473b-4f52-a1bd-45aad5211b64,Ryan Garcia
3e5c5a87-0ef5-471a-8498-3ec9c7c19a3d,Kelli Nash
e4b1d785-3c8c-4770-bee2-ca856c8690a3,Robert Cortez
c2a03fca-a593-4807-b7f1-d237f4f607f7,Alicia Norris
364fed71-0f0d-4e55-a665-160c7f099d81,William Clark
fe38c060-3c53-4934-8a35-89865d950a1f,Kristin Lewis
d386543d-dbbf-43b0-bdc4-5c38d11b3fb5,Jennifer Manning
ac27ee4c-a8be-447a-b6e7-ccf1b2fc44cb,Margaret Hart
9b18eb2a-3d1a-4cd9-a0d2-21356faf5395,Annette Oliver
c44ecc83-dd70-4990-911c-f2deb9785285,Grant Poole
26468c52-91dc-44a3-8239-0aeba7b1ad19,Matthew Rowland
580a748a-6514-4346-959c-105f11623447,Lauren Waller
df7e3dad-8b43-4454-a4ef-3a5891a2c283,Lee Miller
4d3b0ec4-57fb-4200-a65b-ce31a5ebece6,Kevin Diaz
a8887445-8823-4d39-8ea1-30e05b0dce50,Christina Hall
2950c10e-b4f3-4225-99a2-ef64dc4c41b4,Casey Estrada
e1303af8-ef79-4528-9767-8a3c2ccc4245,Melissa Wilkinson
950c71b8-c298-4928-a940-11577f62c5da,Jessica Grant
af706a1d-8642-406b-b6f6-bb4eb4a20d01,Dorothy Arnold MD
d9e64bd1-15ea-46ad-acd8-041e27340040,Christina Lane
1dd68e6f-41d4-4943-9c58-b7dc5d1050a4,Mark Brown MD
8a89cd0d-8b18-4c63-b261-bd4e0d1b2f83,Michael Hensley
d98382f4-2ed5-4fc0-9bfe-71572f1f817e,Erika Roy
eca0f624-2c5e-4999-9da1-23d8e7c35efe,Kaylee Pena
93085bae-6668-48c9-a864-989712e2078b,John Chavez
5d4a7514-aac6-419e-b908-f8e1df71dea1,Jerome Martin
0e98de05-a23c-4a57-8a8e-d7c6056f14c1,Christopher Cannon
72bdef36-3f66-4f72-af1a-613eb4dc832b,Jessica Cole
aae3a058-84ee-4639-bb51-fbe53ee1def1,Michelle Barton
a991b4ca-c01f-412b-8c45-21db44be5b8d,Amanda Diaz
5f6610ba-aae9-4834-87f4-8896d4ba6132,David Barton
b3fe7baf-b668-419b-b7c6-587bd543a96d,Edward Mclaughlin
1c90a425-4469-4d85-84b1-3b6f4d1331d3,Gabrielle Hill
a7832a49-0333-4370-b69a-c02d18a84e66,Daniel Stevenson
72345313-f5b9-42e6-b64e-2e172eab5417,Victor Reese
647b9831-10c8-439b-beb0-3278e3b0ca5b,Jill Smith
e904cb51-c56c-452d-bf6f-98b46680522e,Charles Pineda
c96ad84b-8206-42f4-9dc3-b1d0bf8966cf,Robert Marquez
1078d483-c252-4aa6-b1c4-68255863263a,Timothy Bowers
0a15714a-4ce1-4246-b917-2b770174e4df,Janet Martinez
a81f6dc5-3c07-474d-82bf-56d756072f43,Brent Shelton
4cec857a-d7df-44f2-afd1-7664b9f0d008,Brandy Dean
a0b10567-ae6f-4dc8-99db-f8810b245ba8,Tyrone Williams
4f8cc82b-3b0a-468a-a214-e7bcece1c2c0,Mrs. Karen Martin
14b36766-e3ba-4ad3-bd4e-d8e1a6ff80c0,Christopher Smith
d0055092-469b-4d1b-bc0f-015a39ccf68e,Dana Wolfe
05366a2e-bd15-4f21-8967-2620ee9707ef,Vanessa Jones
6fd0ee22-b04f-4f82-bc5d-33dcf4c22f33,Joseph Heath
d2cd3392-e058-43ce-a7a9-461e3ab86581,Max Daniel
e5a6c8e3-2470-4408-b046-0c4939c65078,Carrie Mueller
480d7144-bc92-4010-897e-d600a4e0b216,Sarah Ibarra
e49d5683-c2e6-4c64-828d-6fe65efa55bf,Bryan Bell
279f182a-5a97-477e-8f4b-255e5fe1325b,Max Alvarez
06103a98-8d2f-46a8-abb4-faae5a05b4dd,Melanie Davis
ff607588-a4a3-44c2-b7d4-939df2a23199,Sarah Robertson
171bf7cb-11cc-4cb8-99b2-89b32f4d2187,Michael Hernandez
1de6241e-df6c-497b-a2a8-df709fb21208,Cameron Fuentes
a03a9c4e-fe36-4f2a-aa59-a93ee6e40dc5,Lori Rhodes
130cc3a5-d1e0-4308-92b0-b2ca997e52ac,Maria Morgan
43b1180d-19d2-424d-a129-4005ed844d44,Melissa Gonzales
6b19992c-863c-4f0d-bc07-4aad21b1b730,Adam Reynolds
e92f73dd-ab7c-4cb0-bc5d-c7da664922e3,Adam Rice
55a8feec-8d06-4838-88bf-ef540e8e3ade,Sonia Barnes
3ab7727a-3969-4502-b966-a0ad079fb403,Kimberly Evans
2406d32c-d1f3-4024-973c-0e69240dcd84,Sherri Hernandez
1c436dc9-6fa5-489d-8137-83b5b72decf4,Michelle Herring
ca9e5882-a7dd-4c7c-aac1-f6d1c12eff9a,Samantha Arnold
bf51476a-1903-4856-a831-f4586e1dcb17,Ian Tapia
1b8de693-c0ae-43c4-b0da-c3c3a1a8c77c,Madison Mann DVM
51efa1ca-4743-43e2-9590-55b198e8aaf2,Robin Reed
1890f9a1-0040-4cb5-96ef-f6d6ebb6246d,Marc Green
c8fad6d6-cfa0-429b-9b11-4fc55812d476,Sarah Hatfield
4cf96e52-f969-49fc-bacd-2f2c50b436ca,Charles Howell
e7abfef5-ea0f-4de2-9223-a6553f92be4d,Susan Odom
b846b1c9-fbd2-490b-9ff1-51dd717b9802,Kyle Hart
bb23e76d-c23f-4653-b5b0-6ae7a6187ddd,Tammy Patel
aff34309-0e60-4c77-be15-9d8e367c1ba0,Kimberly Rodriguez
32913330-ecbf-4310-90ee-98616a3785e9,Steven Hansen
2714a436-1841-47e3-aed5-49e9573d95ee,David Gomez
f1e573e4-1a64-4b0f-b239-60db450d66cc,Michael Khan
e65bb8fe-fae1-46c4-af8e-6e9e47db9091,Miguel Evans
e70fd649-0017-4821-a395-6ae38922d836,Jennifer Davis
478bc35c-0c89-481b-bf7b-5612ffa6874b,Melissa Smith
c494c87e-20e6-4c53-b70b-cc5298567b82,Joseph Murray
ff802211-57c7-4c17-ad17-54e1c59722eb,James Calderon
2a307b05-df78-4f21-9c50-a11438432c98,Carol Vasquez
2ccd516f-ea0e-4ff2-9cdc-168debbe4c0d,Megan Mcdonald
184ca27e-23e7-418e-87e0-e66b73f85593,Emily Farrell
32def86d-8647-4aee-90da-c7f3ef41bb39,Amber Small
9c655dbf-0eac-41c2-9d91-add1ca1412b0,Cory Hansen
c6203a3a-4774-49ba-98da-40aef6a79efe,Justin Miller
f94eaaf3-402c-4791-9bd4-4d9ef1850253,Tracey Giles
453c4295-1bee-4413-b804-7e63803c17e7,Deborah Peck
0e26c7e3-241a-4261-8337-ef20689ac12f,Paul Barr
f29ea232-7804-4697-bfc8-278043858f1f,Robert Anthony
b4777461-51fa-49e8-adfa-a7270891f05f,Cheryl Howard
2efd89f0-6c38-4184-b855-3b33762ae996,Kimberly Morris
dc78f2e2-5021-49a1-bf66-feba1696d948,Angela Robinson
87d1adf2-3812-4d9d-956b-7d0106763a34,Eddie Glass
5b0b3dfa-9465-4bbd-bb95-e5c936892220,Michael Smith
364e31b0-f1a8-457c-9419-82c582033e24,Stephanie Castillo
a0b6217e-e9a5-49e2-838b-879c12c2602e,Anthony Dunn
4623bd2a-6bba-45f2-abc9-b07be32586e4,Heather Ferguson
cd98fd88-bb8f-46b6-97c3-d3273254ed64,Johnny Ward
a7274c29-2629-4901-86dc-957a9420c1d4,Stephen Hughes
2c23f426-89ee-440e-add3-79248137bdbb,Jill Reynolds
ebe70662-8a96-4af2-a21f-b4138aa8aa75,Clinton Knight
1cf1acdf-4b71-4f91-9587-22ad3815f777,Gregory Roy
3b4e6864-943a-4277-9dd7-356c45d5088e,Nicole Bishop
9ee7c895-a268-45ce-aa03-f897a4fc06bf,Wendy Tapia
8b432475-a9c0-4536-9190-02e423669fc5,Elizabeth Cole
bf70f495-29ff-419e-a396-b939b3555fcd,Mr. Nathan Petersen
25aeb96e-242f-4b19-aba2-aab910d6b287,Derrick Black
8278c503-9de4-4ba9-8248-7c900dee2c03,Jose Cook
18827370-e1b0-4c44-bed4-57a620c00834,Katherine Roy
c15ebfbb-953f-4655-962e-dfcf957ef699,Joseph Robertson
2255753d-a572-4b61-9664-7728b7925a91,Charles Edwards
b219b48b-3eae-4e6d-8c3f-f13b4596808e,Christopher Owens
149fcf7b-52cd-4036-8ff4-6ecd6cc31b58,Steven Walton
7840a5d9-fcfd-48be-8485-47e967f64f2f,Christopher Thompson
71ee11f4-59bd-42c6-8db9-c3615617e2c4,Natalie Wilson
fad8304b-ea0a-424c-b779-db3f24770ca4,Latasha Spencer
672af713-de53-48ff-b7cf-bd926f037aec,Mary Ryan
5b8bd651-3c67-4490-9079-00d287bcd28c,Thomas Fernandez
e1ab6e54-15fe-43e1-8628-d5a228346e9d,Jill Johnson
cbcf1a1e-6387-45ce-b94a-c173e5c78742,Maria Phillips
3424fcb0-bbb7-4fff-a676-275d9b4d5cbc,Michael Jones
665be136-7291-49ad-a128-142e334455fd,Robert Perez
49859b32-4c66-43ae-aebf-b4604578eb1c,Lisa Aguirre
3e28f3f1-8606-4007-8f6c-7665e993de8f,Michael Harper
ce069144-3773-462e-a76e-c3c2ce1a4c48,Joseph White
0702528d-dd1f-4c7e-b320-06ab3401f174,Scott Jackson
144a76c0-1961-4bec-8061-4c017ec036d3,Michael Gray
6b12787b-ddaa-4f86-b4b4-940cf1751593,Lauren Ward
e4d26459-06e3-40d7-a92f-97200a11eae7,Jacob Barrera
8a409b59-ab4c-4077-815b-aae636e3ba00,Mark Johnson
cc108f94-56ee-448b-a273-a08f9da92415,Justin Farmer
a5b6bfcb-0d7c-484f-afd4-9a0984368515,Emily Perry
e248bc6c-834f-4c0a-a7b7-e385daffbe70,Melanie Mendez
27bcbe26-2b52-4fcd-bf1b-23d5e63e1872,Daniel Monroe
8d18e606-88ae-44f9-9880-bf6a213714d2,John Perez
551d9dc0-9ee5-45aa-bb94-d8bdeef62c87,Kathleen Sawyer
9689af1a-828c-4cf8-921d-436d60cc58a9,Daniel Gibson
6724aca9-6104-45b7-9573-6b08d2202215,Michael Dixon
8793a36a-410c-4648-8fab-b341357bacd9,Diane Haney
35c7e162-d303-4975-ac6f-2b9799da6fd0,Michael Vaughan
2f4a7798-bbe8-4998-b02b-e1e17eb22a47,Christine Wilkerson
0aa4222a-c1af-4a31-80e1-de83522869d9,Sydney Weiss
31fe0171-7e7a-449c-9712-002184d8547b,Daniel Davis
32b721a8-771c-49af-a3db-9964589f2367,Dean Booth
1f82568e-2f69-4325-931a-14c6990dec3c,Brendan Atkins
3f3aecd6-1747-4685-b055-c9e396f77b35,Michael Morris
48e2487a-940f-4f53-a6b2-7c5ba9c986eb,Joshua Martinez
ecadbf5d-cbba-4dee-9944-6d344f3f6e64,Krista Young
06d8ad09-c5f4-4bc3-b07e-589e49e1baf0,Tammy Green
051caa46-0d58-4691-a9fb-7725ec8aed3a,Jessica Griffin
db206dbd-7e2f-4134-b9a8-930dfd0bf1a4,Marcus Wood
1825f7fc-5b6b-4610-a2c2-f80e541cca77,Ashley Anderson
d1fc27dc-1b6e-4580-9e30-2b0efd487e3f,Paul Green
60300a10-f370-4998-9ab9-97ad8a0d1a5d,Robert Everett
44a52e77-9869-4619-b6eb-b494549a9fa0,Natasha Carter
28fac9fa-ebbf-40b8-b5b3-559249bf0ad5,Emily Parker
b6d1b1c7-56a7-41f3-af52-f2689de0ebb3,Kenneth Johnson
95e8f605-2366-4d2b-91c0-0a1c9381f726,Robert Underwood
219c47a7-bcbf-4c57-a916-355b43cb6c89,Derek Lang
9dd4c46c-d266-4269-b5de-b773abadbea6,Taylor Hudson
92f6f9ef-a13d-4d8e-94aa-bbdc5d532e41,Brenda Daniel
9b90029c-f45e-4f3a-9dcf-1c154f2bf94a,Courtney Rivers
1f8d8b65-9ecd-428e-a62d-9f681302675f,Austin Tanner
071d2858-ba2d-4844-9e03-49baf38c134a,Mary Martin
81dcbf39-997c-45e2-ab8b-4cd4bd085d36,Russell Hutchinson
099a48bd-bee8-4312-b4a6-fa2b73fc820c,Kathryn King
e95f57ed-464b-4995-9b06-8b0be1faa189,Jessica Heath
b80f94e5-9f3a-4055-9707-7f5b466a4617,Alicia Finley
87a3508b-983a-4c91-abfe-35876c65949d,Derek Francis
62a92136-3a8c-4668-868c-7225d75d1649,Connor Jones
14d77d3f-fb71-4611-b6c1-bea24049f2c1,Brian Brown
7374a782-04af-46d3-aa3d-4a095bec8426,Kevin Wheeler
a20db40c-911d-4d75-bb70-b3f35484b788,Nicole Lewis
9279d83f-26b4-4089-8300-763de12fcd55,Maria Rivas
bab477a0-4dc2-4cc2-ba67-cd0f93a56476,Laura Jones
b8c4818b-c359-4aae-ae03-e5d7f76e6f89,John Weaver
7330e6be-1606-48da-8e91-08d1818fcf62,Whitney Salazar
cf04dbcc-3253-4471-9077-5bd436488f76,Kaitlyn Branch
e8615b92-20e0-4b5b-841e-5d66d5ec543f,Gilbert Kim
c3444fb0-f5b4-4b61-b1fe-5c8f60c19606,Elizabeth Miller
d8f34c77-ecfd-4f27-93e7-e421812657f2,Dana Ballard
638275f3-295d-464c-abf3-f86ffd6312b0,Timothy Clark
2a0a5e9a-07fb-4092-8d7b-ac5014bcff80,Darren Weeks
ca262977-fc4a-4eb3-9fcf-5e72f6ec9ee6,Ryan Cain
f3c75cf5-1191-48d8-9348-4e550fcb3a8c,Chelsea Schultz
a0e9d4a9-e4c2-42a6-a697-cd490ac9361d,Eddie Brown
e2f293d4-13bd-4e2f-9559-15d30e9a877c,Steven Williams
cb08d028-2b59-4e22-b011-e3db839025a9,Jessica Duke
caca9df7-e1b0-46e3-bf27-033dd128573e,Mary Harrington
ef5cfbee-2ef5-4eda-97cd-8bc749cc806b,Jose Butler
25043a70-6c86-407c-9690-d8a3a995733a,Teresa Humphrey
f3b2c3e3-3c06-473c-bae2-8d5bc185b042,Jade Martinez
67f95ebe-5502-4d9b-9e9f-075b93a656f8,Frederick Singh
01a562fb-7812-40c6-9fc2-2080e083184a,Andrew Johnson
aafa5fa4-c5e2-4659-b1c1-a55ba4a9c9b7,Nicole Kane
04543daf-8f0f-4bcf-bbbd-64dc8d2b74c4,Matthew Love
96774f64-d8bb-4fe2-b363-88c71f9ad829,Tony Lewis
abf90887-a763-493c-8e91-b8f5f0667917,Julie Barnes
059870a4-c125-44dd-8876-cd385482b321,Christopher Wilson
f18afeac-4f0e-4779-aa9d-e83a96933b4b,Jonathan Johnson
4046f443-edc2-40fe-9aa0-40bbbcd550ef,Brian Ford
771b8741-b80c-47be-afe1-e2bba87663ed,Lynn Smith
3a6500f0-4d7b-4512-b644-6b4232c5dfa9,Janet Jefferson
01b812f7-a48e-4a82-a6d6-12ba5d9b08d7,Tony Garrett
c0c09201-eaf1-4713-88b6-26e62ae99fdb,Joanna Hodges
9d254faf-443b-415f-86ff-bac0dbf286df,Michael Perez
770582db-7fee-4e47-843a-7e7ca3917ae3,Jeffrey Love
93cc3f48-fa0e-461d-80f2-a47b71666700,Larry Ward
6948ba50-88c9-4ccc-870f-cb716111e768,Karen Pugh
0f306685-4a86-4071-85d8-75b991df24e2,Jonathan Lewis
fa34d313-53b5-4845-8893-8bcaeadbed6f,Paula Garcia
895c2e30-b0be-4d68-8017-c432ff67ca5c,Jerry Kelly
ab8de3a0-b23e-4c13-a8f8-3cee137b4e34,Rachel Willis
e0be2a45-d9d4-4073-b8c8-5e02ac241d81,Jasmine Peterson
fbdfacaf-f0d7-4e0e-9d75-6cc5ff00f51b,Roger Carroll
dbfdb952-f482-4fa3-b3c8-8c4375660003,Erica Walker
5e54ab25-a4c4-4ce4-8fb4-d3e3a0a21cc7,Michael Flores
6f912239-20cc-48e8-9ca0-d4c2daba0f0e,Andrew Rosario
8664afdc-ef2b-4fba-9def-d3491f98c9e7,Luis Francis
e3c4ad87-3f18-4521-bb50-774a6b70d0a9,Tanner Collier
fbed6ffb-596d-4767-b7a7-5742ecda51e0,Taylor White
f2e03c05-4748-4a23-8e33-09df27a03194,Julie Dillon
55df6209-6373-4324-8df3-288cfe977cfd,Matthew Zuniga
a1ff119b-e249-4ad0-b46e-c3111d4ef3ea,George Ortiz
5e515af7-ac07-4428-bbe7-5c7ce3f64706,Peter Ross
3a7849df-8c92-4c63-9700-33edf1f88a46,Elizabeth Lynch MD
24a114d8-10df-45f9-b9c3-d76d22761621,Daniel Kelly
3cb8aaa1-d05b-4c32-bf1f-029389e2834b,Jenny Harrell
2d037f85-fc90-4066-8b3c-2a5ab524d271,Victoria Terrell
e8c00b00-47f1-4e49-9b38-4c3baa89d3c4,Brad Hogan
bcec9950-8211-4011-8cc7-59780cc6cd73,Michael Bryant
8aec918a-8eeb-46b8-acf2-11f9b10cbf0b,Stephanie Williams
292014da-5961-4df8-a91a-90909030d231,Joshua Webb
0a828048-4261-491d-a5a7-4b68fc5c2576,Lindsey Hunter
75265944-2134-4af5-afd5-3c7b509d86f7,Mary Ruiz
ffbef9a4-611b-4e6e-9b64-f8213a5c2c24,Teresa Summers
e06bd502-ca5d-4b6e-9108-c64b4a7887d8,Gregory Hayes
d0a1670c-b335-4310-b6ea-ee8a3e9b8dc3,Erica Scott DVM
cfba86a7-77b3-4c15-b495-a54211b4f824,Michelle Herring
18104f3c-42e2-4491-a820-826eb937dff9,Daniel Jordan
b0ece5b6-d0c8-4773-875d-b3b86f96b5d4,Rebecca Jones
c6710633-a0a5-48e2-8851-1058119606d1,Jacob Reeves
b37763a0-be1b-4d09-ab5d-8e8313e8300d,Timothy Navarro
081ccc4a-9ef9-4fe5-b067-8d98c52c0705,Kevin Marquez
80315108-6910-43e6-ad21-a619f522550d,Karen Freeman
adf7affe-7035-44ba-bce5-55e9cdc6c6e5,Brandy Schaefer
9504393b-8b36-41d2-8d89-047aecb29868,Patricia Joyce
1a573284-59ee-420a-8ae5-c7bfce209e4c,Miguel Ruiz
97b80c91-fe30-48ee-bfc2-f6f34a8c10f1,Jonathan Harris
96bd4322-02d9-4d00-8b0d-5983e93e2eb0,Dr. Erin Turner
5de61610-edfd-4676-8ed8-5580007bf95e,Elizabeth Ryan DVM
487b0e6f-d56a-446c-bdeb-98d968a528e2,Kaitlyn Allen
5f31a9c6-6c46-42b0-8030-eaee0f1b0b90,Dr. Melissa Russell
2ca9bd36-e276-4024-a56b-dce854a6d7bf,Patrick Knight
624cca55-e50f-4e3b-b424-c829aaad24ec,Scott Reyes
1233cc4f-4bb6-4d0c-b9a0-b79993aafc10,Mary Mills
a6906cb4-dffc-4b4d-a25e-4099ec7882f1,Joshua Simmons
8aa3ea2c-c8bf-4c74-bd8a-b1ac90ac8e31,Natalie Pearson
b90660d6-6a3c-4d65-817c-d937084f582b,Danielle Weaver
8831fb03-f2bc-4bbe-9aba-5d46c13a0d98,Ashley Jenkins
d3af7458-8fb8-4b91-9cd5-971dc6a72f66,Arthur Mendoza
eece161c-9d27-4996-9ffe-1a7aedca1e28,Angela James
bc38f68d-96c6-4b14-853e-57114c75a71d,Sean Barnes
6531dd1f-6192-4ffb-99b8-c069d18591c4,Christine Morgan
393143fa-67bf-4ee9-b8c6-fdfd3b102b05,Sharon Evans
31b39a9b-d1d3-4cb7-a731-a9f6812ef511,Sarah Yang
548c95a8-db3c-4bdb-b5a5-a377b4e20c54,Samantha Humphrey
d6843f01-bbc1-4969-bcd9-49f323c31d48,Courtney Evans
f9b3acc3-78c0-4819-bd3e-9b5b69eb22d8,Jennifer Porter
7cc5a09c-88c4-453b-b259-0e24919218cf,Megan Jones
6f9a3937-162d-4464-b1e4-d2f2b0cd6729,Wanda Diaz
6cd8ccc4-e0f6-49b1-8633-c28c2d4acf27,John Lowe
1bb6116e-65e0-4e29-a3ab-03a03a4fdcc9,Amanda Wolfe
bfdc410e-8d85-4472-b4bc-8272a0a98ab9,Diana Rogers
12396b26-5a75-4a1d-8de6-3d0facba8223,Brian Sweeney
16c4205f-3765-4c55-88ca-c50c68b32a3c,Justin Perry
4863c58b-8639-4aa3-b951-842f501a2233,Dale Berry
7ef611a3-617b-4e2e-9149-5b00046a8236,Rebecca Thomas
c17d87f8-6538-4437-b14a-22088a06e2e7,Sheila Lewis
c1fa884f-f02f-46f0-ace8-ff581dee34e8,Samuel Thomas
d87d6243-2cb8-4028-a73a-aaab23f5155d,Katie Keller
cf7cceb8-6e66-40cb-a38c-d9549a599845,John Paul
a2484aa7-4ade-44e1-b328-de32489d1dbd,Sarah Edwards
4e052c3d-a001-49a3-8949-e27b00615401,Brandon Small
d869666f-bd0e-45c3-b5b2-4489200041c1,Melinda Torres
3a169f50-c1be-4410-a1a5-5b268ed4c9cf,Jose Fox
5d3f73ff-1ccb-427b-a06f-bdb466434284,Angela Vasquez
d2e09bf3-6c36-441f-abcc-0b28d7fb1e96,Douglas Coffey
45fd7358-4ce4-443b-b0e6-467dc5d2ff48,Heather Henderson
0d7d4388-08e9-417b-98bc-7d19f006aee1,Jeffrey White
6192871d-5d15-40d5-8e0c-c8465383913b,Elizabeth Ford
2bb50424-5420-4736-8527-4a9149c35efb,Kathy Nichols MD
7541c5a6-659e-4c44-ad24-6fee8fc6ef3b,Jason Callahan
86249f54-6cc3-45e1-a706-057ec1d95288,Patrick White
81a05c4a-26df-4a23-aead-a6f5796b1911,Melissa Larsen
1f02dca1-caeb-4811-8114-630f7f6f7f55,Maria Shea
e57c6d75-42b9-4918-bb3e-ba5a304862da,Thomas Armstrong
34cebf80-b538-403e-aecd-a5ff60533c5d,Elizabeth Davis
b6abcc77-334d-4af6-bb77-7626074c7e23,Denise Clarke
f36f2a92-e41a-49ee-bd56-ef4e8d102aad,Jacqueline Lewis
bacb11da-126b-4b76-8182-f0f14ebcc56a,Sarah Yoder
cc76f9b1-821f-4bbf-b5ca-7fbb9e04af27,Carl Sanchez
c75052ad-51df-46ab-8265-66a5ea5fd48c,Jason Parker
9735140d-0ffd-416f-b7a3-bc534b1188c9,Rodney Brandt
dd66904b-a543-403f-a2d7-a468479794fe,Dennis Johnson
cb3d7351-3862-4bfb-87d8-db7bd8b18697,Kyle Saunders
ff4a99f1-0f52-4265-a15d-abac23f1ae6a,Chad Garcia
d415c792-13ec-402d-a8e1-4bf63760b02e,Robert Dillon
2193373a-44f7-4fbe-b954-e32132d14143,James Stuart
63d5e6f9-da04-4c54-8413-92fb46f71dc3,Elizabeth Shea
1856b9ab-a38a-4876-8ad8-439283e186cb,Allen Nolan
10a1c42a-154e-458a-aeb4-8241d007e178,Samuel Stout
3325582b-98d1-4c20-9a2d-8136beb44988,Janet Stein
763fcd4b-10c4-4573-b189-8df7d566974e,Justin West
3ea55cef-9c1e-4fb7-89df-26ae948b3de6,Monique Evans
a4c59760-e815-4b76-b421-d9f78fc4942f,Amanda Vance
289b49e4-f316-4432-9402-f6c9a831d3b3,Jeffrey Cannon
1eb0f54c-cbf1-49b2-82c0-5242c9685b35,Susan Taylor
e23196f6-fe09-40ee-b71d-410055e4b98c,Jessica Brown
4500aca1-2958-44f3-a5fa-23eeafb00036,Katherine Zuniga
52b836fe-db1d-47f8-ab3c-d43b8f1bcbb3,Ashley Meyer
12b6244d-6c22-44cf-9a84-e89126922dbe,Glenn Lee
ffe49022-2d6a-44e4-b56b-012da5049dc9,Alejandro Adams
5a67ab04-8a65-43e1-8ca5-15861afb6a16,Lisa Mendoza PhD
180903de-5104-4c33-919e-be36f3ba46c5,Kathleen Kane
7586d601-8825-4bee-814f-5d1038b64ca1,Gina Porter
8f7980f7-7f10-486d-af95-09eae1a4916f,Brandon Perez
858a7399-ee09-4ee1-8b8f-51cd02abbe39,Christopher Smith
2cc76f88-360d-4058-8453-8c9d31a7ee42,Traci Landry
c3b54783-63f0-48dc-a11b-62d1e07d9647,Amy Simmons
5036dd9b-a9fe-4038-9d5c-276b5dc99222,Shawn Burnett
2733509d-3435-4a87-a22f-296aa88954c8,Tiffany Armstrong
6379fce8-e6fa-4848-8df9-57ea32c4b434,Samuel Wise
03eb59c7-36d1-472e-a3a0-9b1df8ded7a2,Richard Li
47b37b67-6f57-4bb3-9a31-b9c3a74c965b,Dustin Reynolds
59093239-189e-4ebf-8fd1-041287ae8ddd,Christy Acosta
792648e5-9b88-4a65-b223-037b0db07a55,Jeffrey Foster
295b028b-55cc-4ada-9c8d-22e8a55d1e8b,Kelly Pearson
8f5401e0-b607-4fa3-a342-20ce839cb852,Norman Martin
f3c1361e-d515-43f2-a004-46d1c42904d3,John Collins
42eb6347-a1bd-4472-8872-6671791f58ad,Carolyn Ramos
90be5be8-273e-42fd-b2a2-525da9880afb,Jason Rodriguez
31f02b56-f599-458e-a739-d6034b56d595,John Gross
d74a36d0-637d-4ebc-be67-fb2c339d6ba0,Michael Porter
f844c76d-1dda-4929-94c1-df37f322e9e5,Michael Baxter
28f2aa16-761e-4906-974b-9f4d863a4d19,Justin Hunter
8605ce6a-15b2-4e0e-8f33-8494447fe022,Victoria Russo
674b1c02-b3e5-4451-8d8e-89ce206235ff,Sharon Sutton
a19ea206-7af0-473d-a869-5d8e47ddbd1b,Jeremiah Smith
2a765344-1298-4817-b603-0730b60ae0ec,Kathy Thomas
5ebfe686-6bbe-4507-a824-b53a6ee20b12,Daniel Wagner
f9200381-3a98-4e32-a829-d517fdad7b19,Gina Kim
6563eb9c-0c4b-43f1-9b5c-a3ebd43dc6cd,Christopher Mason
a996be81-dd13-4e76-9bc3-97a15ada7bb1,John Golden
6ca3568a-b7c9-4f22-9e77-684aa03be729,Daniel Burton
fc9261c1-18f5-4f45-ac3d-3d79d55a019c,Corey Mueller
a3307b2a-416f-4f71-bd0a-24b79f7c0eac,Matthew Rogers
aa99f8f9-1b0a-4f94-ac09-decfc023e683,Stephen Acosta Jr.
453628f8-2cec-4c45-9f8b-bfcdba96852d,Daisy Johnson
4d615aa6-fc66-4391-93f3-0df4623203d8,Kimberly Wood
c9b0d1df-ea91-4858-97e4-3e1567f4ce24,Michael Davis
abb4e881-82e9-4572-a7e0-f3cecdde1825,Sarah Smith
8ad443a9-2891-439b-b999-080f792f4e1e,Judith Swanson
8bfd0c7f-4a19-44d3-a02b-16c6affbde82,Ellen Jordan
1b5d4288-77b3-4e3b-905f-1d364b44f8cd,Linda Thompson
8d2d4f05-1c5f-4715-b71a-c68b4713926e,David Grant
498c8ab5-7726-42c8-aa7f-ab0a486f6a5c,Elizabeth David
29f54aea-10af-4060-b328-f44651a362c6,Maria Cabrera
1b34a59e-6603-4fbe-b0dc-620019c5d082,Mr. Jonathan Taylor
26c21085-df24-4467-b8e9-3e1d63269fb1,Dennis Sims
ac4184c6-f23d-4c38-b70c-8f01f413afee,Renee Price
d7cb4f50-b07c-43e9-99fb-9d5a24558dec,Robert Robinson
75c119c6-7010-4ebd-bfae-4b04a6d3ea3b,Eduardo Kennedy
992a72e3-cccb-444c-8a54-f074798d894d,Audrey Marshall
efe32828-895e-4996-b257-2c240f5ca192,Sonya Moore
6ed131dc-94c1-4a60-977a-fc6c91e1dc02,Kathleen Hudson
e5798bf3-a297-49b7-b88a-618db449b40b,Megan Fischer
f5291d62-a7d1-4808-be26-c89d22bb65b0,Cindy Matthews
7364ff84-7d32-4c78-b0cd-5d30b0bbef6a,William Reyes
cdf5a31d-9ced-4923-bfc0-418f3fbc40b5,Sarah Smith
24a5c000-27d1-4ecf-9cfa-a91ae8c02b4d,Sharon Sims
1974a630-f28c-4ca0-b1fe-fb72ffa71389,Carolyn Bishop
111ece4d-8ac6-4122-956b-af3ddead7394,Tyler Miller
fe91f1ff-134d-49a8-8cd8-80f46c0e8d9d,Mr. Leonard Mccullough MD
37fd3860-2b5b-47c9-8f2d-0560ef69ea74,Gregory Reynolds
4898406c-b3a5-4b30-8396-68d2657ff3e1,Martha Johnson
73e94be4-1d84-4847-a4a9-150e6d914333,Pamela Johnston
ff0e9d1b-45b6-4bb3-bdce-264ef627e4a0,Jessica Meyer
c0fc08dd-44ee-474d-861e-6e39f4445dd9,Joseph Brown
c2e8c509-9b84-4d0f-9739-abc9cd832332,Mary Lambert
353cb400-d43b-4596-8e4f-f7dbcc7d876c,Charles Romero
b30430bb-12c2-493c-b20a-1576a6d8c0da,Vincent Carr
56274822-fb6f-436b-bf27-8fc62b2b0854,Savannah Nelson
ae3a2417-ad2e-4cce-88f0-827c126e40d3,Jeffrey Browning
aeb6025f-528c-4093-9c4f-cd2dd5c05b2d,Matthew Young
5f2abf37-ae7f-4321-8270-545e3881a7d1,Kimberly Cherry
73a9492e-1551-452e-a093-89e167a230b3,Derek Hunter
10a7dbe7-df1c-4d82-9c4e-54354303fd74,John Evans
545595ca-0182-429e-a627-143fafaedbae,Jennifer Garcia
40a7d36d-fdc2-4d8e-9c84-ea21897b4b16,Sandra Gordon
f42365ff-fbe6-45c3-9c29-1d6bc8902b04,John Dunn
c8f55efb-1a7a-4546-9564-91422f59386e,Seth Ewing
0464d426-8bc7-48f0-9599-cb4618470899,David Black
8a0898dc-1fc2-4cea-a02f-59cec302ec61,Michael Walker
5375f467-6687-4be0-8e15-60a9f1dbf2f2,Monica Shepard
a9a476a7-83cc-47ef-9600-5481fde8bb3e,Amber Clark
64cba23f-ce79-49e3-8159-eaf701b78780,Susan Lopez
93468a6a-3834-49af-aaca-88735a88a43a,Aimee Dean
f48fe6b7-9484-4264-82b7-a6d9a4093714,Caleb Wilson
a0948ab1-7e41-4de7-81d1-528bc74b8a6b,Stephanie Powers
eb6fcedd-cfe5-42f9-912f-e3b0bdf7a996,Nancy Jackson
a987afcc-655e-4804-9ef3-98cbc0fc3308,Natalie Hatfield
5b535691-7643-45d4-8a38-76acce60d1c2,Vanessa Gilmore
73196aa3-b962-4bb9-b214-4a29a9cfe275,Krystal Mason
5b3cc102-5b53-4e42-96ca-d7a4f0016b32,David Webb
a595ce24-579b-4cca-b687-0ffbb0d200eb,Sharon Hardy
13ab1fce-ba32-4999-8400-c797ae7169a5,Duane Myers
054ec265-2188-4ba9-bae1-fd166754e048,Christopher Holmes
563b4519-0091-4240-8bbe-5b7626599aa2,Melissa Davis
a4c9840e-3cb9-4bc0-8e7a-815c1245e80d,William Robbins
71db77c8-fdfd-4c8e-9dae-7c418aab15d5,Christine Gonzales
285b53ae-ff1e-486d-af53-1f4d06634904,Jennifer Sanders
8d0cb4e8-0c85-4587-8f19-2c179e9cfad6,John Barton
d5a7baec-d616-4fca-8dbb-d963d82e6694,Nicholas Ballard
9972a2a9-0f69-4f8f-befd-338568882c45,Stephen Miller
9ef2a9ba-7296-4c1e-b71e-678bb4df701d,Brittany Peterson
e960d26d-bd33-4fd4-afdd-5891a21a3240,Darrell Cox
1d3de256-76f6-4a8a-a13a-5d87dbf2c66e,Shari Mills
18a5df97-851a-4e90-9dc4-b537116136b8,Nicole Curtis
28d2c65f-2acb-48e5-abd9-fd3e4a8d64a3,David Reed
83e9fc5e-0d92-4870-b2b5-da452a665cf2,Rhonda Watkins
7de3949a-80b7-4016-a7ec-dfc1c4bd991b,Mary Gillespie
cdaedeed-74c7-4431-800a-567f6ad31eb2,Hunter Dean
318d4030-3056-447f-bd12-785c8f91f0b9,Jacqueline Palmer
fa6f850c-08df-4426-837a-f87e59fafeab,Katherine Ryan
f51e5584-c410-4f09-9824-9c38fac583d3,David Baxter
a5cba7eb-dfd1-4476-a98c-38ad5c4ce1f1,Jamie Howard
9daed8ba-dd8b-48ec-98d7-2bf728c450f3,Amanda Foster
e18bab10-80d2-4b54-afe1-43a2bf02737c,Glenn Galvan
f86b738e-e6ba-49a2-b97a-1893c98a97d7,James Mitchell
febbe2db-cd13-4980-8f55-7b8b47441df5,Jennifer Manning
a93daae1-1278-44fc-a5ac-155207e6a00d,Kimberly Stark
e4055457-8c16-440a-977f-c4aa11ef02a1,Alicia Blake
e119bada-69f2-496d-958d-0769156f8b81,William Parker
f0288111-d498-45ca-9b39-04f98e6bebce,Sara Dominguez
61855e46-96b1-4754-8a7b-21fc5830ede0,Chad Walsh
60b51e3e-9986-4af8-b788-0896c3f583a8,Jonathan Johnson
4e47fa45-9d2a-4f2f-9aa1-d46daba6e6ab,Rachael Kelly
fc838b0d-af7b-412c-86b4-ee9f4abdfaf7,Anne Jackson
6cb9f6db-3127-4981-9ceb-58a3354dd73c,Edward Young
52733a3b-02f1-45f9-80e9-638fc37bb44e,Gregory Anderson
e3343ae6-c07a-4556-aa82-842dfb457654,Christopher Cain
604dbca7-fa85-4ed2-9e6b-4b87dd104360,Miss Jacqueline Green
89de6ea1-3d33-4576-8c08-c3f2fa8d2bec,Misty Robinson
c51d6ed8-4d55-478b-85c8-8eadbc572ef6,Shannon Taylor
ea2ef61e-550e-475c-979a-8cf6d1255cdf,Carlos Lynch
753e78c8-e986-4aed-a6f9-bb6e24fcead3,Mrs. Denise Allen
3754245f-d508-461b-8709-cad6111a25a3,Gerald Figueroa
f87775a9-7e0b-4ac4-a694-b14801aa5b6e,Jasmine Knight
1872e331-e99d-49b4-9463-c6c4900fd0c1,Linda Carlson
2d2c4e1a-1da4-40c5-ab32-648aeb9e6ecb,Christopher Hess
48b5d06f-9a9a-4b8a-804c-2bf9c793ddf6,Shelby Ray
5d7c0066-e73e-4242-97df-15d6f5383528,Andrew George
784cbcba-c295-4d55-b5d3-bd1946a962d4,Robert Allen
471127ee-7f0a-48a7-bdb3-42d4208566ec,Justin Turner DVM
62458b97-8722-4724-b7b4-0f84f8474aca,Daniel Jones
ddff7fcf-205a-4919-81bb-bdc3772d257f,Cassandra Torres
9ce651e7-a1bd-4a8b-b04c-07d67c675f77,Trevor Rodriguez
56c591e6-9dc3-4243-b185-3e469e658c2d,Amanda Young
83bd8bef-66b6-4bb0-848d-dac9b9865709,Garrett Martinez
cd14be7b-358e-4b3a-a0b6-5f58b8c89d33,Rachel Sutton
e7c477ae-8cdd-4975-b8b9-6ebb7600c08a,James Brown
ba4ea225-d58d-4081-9bdd-47c588b1177b,Heidi Davis
29517f36-47fd-4051-a53e-baf5e5e22a47,Kim Gallegos
05bf8ce6-f5ca-4d50-8bcd-a7054148211a,Robert Young
a8f9933b-2039-410e-9469-860373db8452,Darrell Logan
a982786a-68c1-43db-9135-545235494f12,Patrick Thomas
fc57fdc1-b485-4bc7-bbb4-77175da178e8,Gregory Rodgers
77b31c4f-a4b4-4a41-a40f-7b1bcf3dbd14,Colin Campos
07c8361c-f643-4e1c-85d7-0aa786737167,Andrea Randall
3db8b62b-9743-4428-b276-55203d81cdeb,Melanie Ramirez
71750964-4980-447d-9f2d-9575f7721a16,Stanley Crawford
09bc1a02-d02a-45f9-9aa9-0579cb0c4133,Sandra Dixon
a218803a-5a2c-4865-a459-ea13c4bb0761,Douglas Burgess
b87e8fa6-aec3-48af-81ad-29ff5be2df0a,Thomas Williams
c2cfecfe-3976-45fd-962a-e0e94127630d,Matthew Harper
7689dfb5-b2aa-41f9-a2e3-b0b5791434f7,Nicholas Jones
dc2b1750-1255-47a4-8cbb-fde6e4333a15,Katelyn Alexander
8aaf488d-5350-419e-8f2b-a1619be0ea0f,Casey Howard
bf8e3ab9-8131-406a-9e78-9c397bf7faab,Samantha Anthony
40310073-8dcc-4245-9b97-3b29f15c5b14,Devin Cabrera
cd036403-3964-4ee0-88d9-96944b2822bf,Mary Owens
bd34d5f0-6fab-4123-ad4d-3e0d44847143,Michael Mills
8d306027-dbe9-4682-b46d-425d2038410e,Adam Murray
53424e85-c9ee-4a4a-9a6f-1b0bf7524420,Beverly Peters
3ac9f978-a765-44cb-b9e9-0de8066dbd4c,Mark Smith
6f29a78c-f8e8-4f56-83a9-2111de4c876b,David Lewis
70694635-a8ce-4a1a-bc2c-a80a91288925,Lisa Roberson
e7175ed6-89b1-4770-9f04-f346da1518ae,Ellen Henderson
845ea520-3138-43e7-a1cf-c9ae7e5ca097,Ryan Nash
eb2d0a7a-7289-4582-b661-b2860df50673,Mary Nicholson
6438f62c-f614-4fe3-b793-ed336ef33521,Martin Henderson
5f0175e9-3730-48fe-8021-b1490c337618,Cheryl Atkinson
a89d4304-d919-42e0-9b15-45f938b0552d,Courtney Harrison
a2357dc2-c304-40e5-b463-31d582afb2f0,Charles Johnson
d6100fd0-8172-47fa-8e1c-85237ecdb569,Maria Adams
fb865f0a-2119-42be-a7c2-9be417909151,Douglas Vasquez
344b3bc5-5949-4fba-92b9-b964cf452e37,Steven Huang
2eca4dea-c1de-4f8a-a05e-cf9b536e5ec8,Ashley Le
7c426011-84db-4e95-92d2-25193b8f9bcd,Maria Fields
360cefe8-9966-4ef7-a0cb-41f4e6f386a8,Todd Cook
e212fc4e-5dd0-4c8c-bd5b-2dcd59277f1e,Terry Obrien
dd667fb3-8547-4627-9a65-74edbcffb2ee,Jeffrey Joyce
c0011b39-e6cf-483d-9952-f2b8458ac9f3,Valerie Bonilla
e62a2762-277e-4ce3-9a12-a1c26fe2f4e2,Sydney Eaton
d669349d-f02d-4d5a-8e20-e9dc876e2a4c,Tara Osborne
72440e62-3379-4ef0-93cf-1f82bff2b064,Heidi Miller
ec9de947-c6b6-4bbe-bca0-4cafdda0adb1,Brandon Lopez
48cbbbfb-e218-4334-bd06-988536fabe00,Christopher Townsend
9b9650ca-4daf-4b5d-b5a3-0d1d58273c04,Robert Wong
3b0b03a8-6d3d-4d6f-8a9a-43b8d10999fb,Mitchell Thomas
eec04933-1049-4d22-a3fb-9066da36b675,Carmen Arnold
1d8fa106-8a8a-43f7-bb46-9d3d363b1988,Mark Barnett
4999d870-6238-4961-aab3-d18276aafc99,Megan Faulkner
ee156a41-7213-4792-a1ac-364fd5bc329b,Joanna Jacobs
ef704da2-c3c9-4cb0-a1c0-74b825874880,Kevin Mcguire
9ba724ba-45e3-4706-b8c1-36d6cb8e1e3b,Margaret Bass
09fe092f-9db8-48c5-97c1-bb35bf710780,Anna Fleming
c16c1547-b6d9-4a8e-b526-4bd37ab5c471,Kristen Ramirez
b13f7760-06a2-4ac5-813e-f12d172181ac,Jeremy Riggs
8bbdcc72-95d6-4acd-ae1b-66249b154123,Sharon George
78db95af-b5b4-48dc-806c-6c2c1d5844cd,Melissa Mcknight
fc01874a-cad2-47bf-8577-49a35d70442e,Nicholas Mcdowell
aac1141a-28c4-49aa-b894-8e99208d703e,Mr. Alfred Reynolds
0cfb49d3-6863-4297-8f16-3fb28870bda2,Kerri Blair
ad76548a-64c2-4dc6-b11f-75931f4fc634,Rachel Watson
22d768f2-4ce7-4614-9b5b-54e57346d855,Richard Jones
23986603-8d26-4611-b5a1-ac8af6a03d59,Anita Mcknight
afed9364-8585-4524-94e4-3afa05be6cb8,Christopher Hart
38cb70f7-64b8-4978-9e7c-fb363aebb471,Wayne Baker
1eb5e87c-3c91-4b94-b6a5-1b18d660bc1c,Rebecca Bradley
81e22a9a-d49e-474e-ab1c-cc67e113a751,Janice Bond
df69d453-cb88-43c4-969e-fa28b00b913a,Robert Patel
cd28cb81-d21b-4e3f-9bfe-bb3a88651faa,Zachary Turner
6fd599e4-f196-4c31-82b3-e3934fbe0d30,Patricia Patterson MD
e7ef8354-9fae-4283-befd-4ceda3381576,Kevin Tucker
4b136c6d-560f-415e-aab4-2d687a3ad752,David Freeman
5d16ee70-1a3e-4f59-b859-0fb0c4c8c69d,Michael Davis
94213706-a537-4561-a32e-74a16eff756a,Shane Barber
3dd15324-9874-4f27-a1d4-72bc9a3ec38c,Thomas Watkins
d3375ec2-beae-4aa6-afe0-067514eb5965,Nicholas Gray
ae7e2908-c1a7-47dd-a302-953f32a67011,Joel Young
60599a2a-429b-46e0-917a-920be3450681,Dana Williams
7773ef69-c072-42dc-a0fb-ce92a9b02b6a,Tracy Munoz
bebc0a61-da9f-4554-947f-fa26f3e42d46,Katherine Martinez
26e3c068-f8d2-45b5-b90e-bc9fdf73c657,John Henderson
271b75de-f442-4b54-b513-8ddfe49e87ab,Peter Green
220385b0-40a5-49e0-a3e5-0c982f9fe14b,Elizabeth Snyder
65cd3dad-caf8-4fdc-b6bd-2b73826974f2,Savannah Nguyen
4c6ba75f-649d-4b80-99a1-2755a76dd610,Calvin Strong
9bd3785c-e1b6-4dc7-bd74-1f357a2fa360,Jesus Padilla
d6d539b5-7cae-4a85-b17b-1a7147bed07b,Carl Dorsey
39ec6338-35e3-4e02-9712-67fa1eb2fbd3,Chris Graves
9b8e7d2f-3a96-48b9-8046-8b67aa5ca270,Eric Schroeder
82249593-36b8-4d62-b67c-f80c87748a1d,Calvin Mccullough
f2fe3540-db26-4b1a-8fe2-391dd447d71e,Andre Sanders
54828970-0e62-4169-af97-7872c6b5fa60,Diane Hunter
cce7a9e4-92dd-4460-9429-70354c39a763,Alan Cruz
d3f7f4bf-a037-4c83-b22c-dda182141846,Ronnie Hammond
97ccbddf-a0fd-431f-b354-deec8ec1e102,Christopher Haney
a621b2fc-495c-4963-8aa9-16a9eae97562,Bradley Gonzalez
909c9332-c46a-4c4e-995e-8dcb20550917,Gregory Dennis
d8699cc4-e2f1-4aff-a48f-2665524eaf63,Victoria Cameron
22fd7794-e1a7-4f40-a56a-ba26aee11267,Jeffrey Smith
7e46bbb9-74ff-41e7-90f8-7886ab2a9e34,Gary Ellis
e884e247-38d6-44d8-97da-2351a01fa756,Michael Cruz
fa3a9a6a-8f63-469f-905e-fb75dbc4c759,Douglas Brown
1bd84b16-6e76-4852-89e7-c33f93a57cb5,Alec Ayala
a3f26753-c510-4a85-98b9-f5f4b55dfe65,Edward Whitney
6398b016-6cb2-4b5b-a4cd-f3a426da498d,Nicholas Mason
861fa49e-2296-4265-a20d-51b7078fc8df,Diane Vazquez
932b2ac6-1280-45c3-a540-790cf51a145f,Adrian Harrison
116e4815-05a0-4f16-a3cf-008db5c4931c,Benjamin Williams
d10eb866-4f48-400b-9004-1e422b6f7ffb,Jermaine Young
cb4ed2c0-f023-418a-8cfe-d1a6c1b37601,Jordan Mayer
163817bf-e930-4448-8851-8e1e87b2960d,Michael Miller
8863d8ca-51c6-493d-9c50-12cfcf848e3c,Ronald James
1cdcac13-2b4d-4ae1-ab31-83028ce14aa8,Karla Vang
8aaa223c-5a8c-4570-8b38-a9ee7f6e9cfc,Mr. Brian Wilson
3a95dc82-d1ca-40d4-bac6-89a0800b28ed,Ashley Elliott
7a7381fc-42e3-48a6-8dfd-bf1318c4013e,Nicole Jackson
9dd787d9-43eb-4bd2-9855-0488cab9e4f4,Steven Carter
452811fe-95db-49ef-9e5d-8987e59e010b,Edwin Marquez
e0cbf462-c8a7-4dbd-851c-260198230817,Stacy Ibarra
2a8759e5-3589-4568-86b8-26823e969298,Matthew Thomas
74208130-f686-4e7c-9e3a-c56b8cfc8b95,Michelle Tran
c0dc2b6a-14c3-4c8a-a378-8956a93d8d6a,Vanessa Serrano
df96dda0-a4df-4f93-9722-d5ce3888d2a6,Dawn Thomas
87022f2d-2d3e-4798-95e0-9b0c3621415a,Richard Richmond
fc60692d-c1ac-4d41-ae9c-6c2553eb911f,Christopher Benitez
6520615e-72a5-4360-9489-3689986cb4fc,Emily Liu
9a5972e4-1dc6-46db-b7c0-ef72b276f1b8,Kevin Salinas
df5dbd2e-9c31-4ff5-b5b3-18f7f3acdda5,Dr. Bryan Flores
87984097-b224-4e47-8e3a-e586e6ec63dc,Danielle Anthony
4d842b25-1e66-45d0-86c2-9f28c75c0355,John Lowe
51b7aed3-306b-4104-9185-5e00dbd012c3,Carlos Campbell
e663d254-c895-4577-9139-1cbf91f0c085,Melanie Roberson
83c73b1b-2d97-4b19-a788-62835c1fc104,Michelle Olson
fc59c0ee-8578-4085-bc22-b5e728f05673,Jason Ashley
e282fedc-4ba2-4325-8f6a-509664bab555,Alejandra White
84ddad3a-51a1-4589-8f56-9a9d6ecc9f9f,Jordan Mccullough
8d744573-f6e2-4282-95f4-6ea8f5b9df76,Jacob Richards
9b5bae3e-008a-462b-9bfe-a492fa37c0d2,Amy Mitchell
358b519a-f546-4a95-a518-d5cd6b7b9ef9,Jill Mcknight
0a1b4917-329d-4779-b48a-6e252bb9f547,Michael Fernandez
cefedbb4-5d18-4da5-8172-aad1f3f5ab12,Kelly Lopez
282c417d-48d1-4238-946e-2143a754c93a,Matthew Jackson
b3317381-c3fb-400c-8e1f-b3acdbc1e287,Amanda Chapman
9ea1a841-a48a-42ac-b88c-ebc94e169197,Laura Callahan
c7f8dc55-1a51-43ae-8b7a-85dd67ed2433,Christina Johnson
cf925f1d-71a3-4b9a-932e-5210bc6a9af8,Christine Miller
814bcb6a-8955-41d3-bdd6-8db01baf4607,Steven Robinson
d98e6fca-46fb-4461-80bd-ea35c688a0c9,Greg Acevedo
88a34b9d-08e8-47cb-bec4-780dc8754067,Tyler Ramirez
eb8e596d-c0a7-4746-bc06-ab1eb8e08425,Anthony Green
fef6042b-1ba6-489b-be1f-1b8d49435352,Taylor Smith
c9838a33-35d0-4b8c-b0fe-3aeeba6b358c,Kimberly Gregory
e1f1ada9-799d-4902-b932-025278ebf63c,Mary Ramirez
b42f8d51-9e82-40ad-b21e-8dc75a452f69,Gina Smith
0871e38f-2cd7-472f-8a9f-28c48e22ec66,Lisa Mason
ed29ec6c-eea4-447f-87d1-e6dbeafcccc4,Steven Hall
65afe4b1-0714-4fc4-995a-803107ce6457,John Roberts
bd04f3e6-0026-4ca3-b1c7-738eb1e47e5c,Cassidy Jones
85524011-687d-460f-b171-bb7ed04d31b2,Renee Clark
31246575-ca7d-4cb6-a567-e53364f184ed,Tony Murphy
34080998-cc86-4c01-abce-b25fa67cc54d,Ashley Ross
addc9e52-5d78-4eb7-be2f-e178a9b78c57,Ashley Davis
980f41f9-f7f4-4552-b4fe-5d83a64d630e,Deanna Kennedy
a16abfee-557c-4624-bc53-3c1fa1441c3d,Jennifer Medina MD
a8566187-b10a-4934-abcb-72fdb029d4f6,Randall Reed
6ca5cd54-5d22-45dd-a7b3-859d2724c1e4,John Jones
16a60ef8-2f13-457f-aa7d-696606c63c8f,Stephen Smith
45c6db9d-f0ee-4fa1-a9d2-263b1b6df010,Samuel Vincent
c5cd0e7d-9c62-43f4-8b74-9cbafbfdd8a0,Jeffrey Torres
e21e27b4-a2bb-405d-bd35-7d6a3996466e,Brian Fields
8a74dae9-faae-48a1-8826-e62ab27eb48d,Lee Hill
edbcafe1-37e7-488f-a147-8438a73605b2,Nicole Johnson
f1a6d3c9-87b4-40f4-90c4-6566e2c85ba5,Nicole Morgan
18a9ddbe-0696-40b7-83b2-de4b775c3ec0,Wyatt Carter
760ecb57-92f6-4244-af90-928d76fcb359,Shawn Williams
c8c2cf0a-ab3c-43c9-ba70-3bf860df6acc,Stacie Cook
bff3c92a-36cf-43c8-97a6-b2983abab28a,Donald Peck
d1994f72-be40-49bb-adc1-57d9eec08fee,Jonathan Bright
9dc3a655-3315-42ca-9906-5a9964b2b0e5,Kathleen Goodman
89a1503f-0e03-4469-852c-e5f2cfb7b3f2,Joseph Pope
6e74b8de-3e3d-4708-a583-f781b05e801a,Jeremy Martinez
06f5ee2c-60e5-45fb-99b5-c84880ae893f,Joshua Ortiz
86aed3ff-091b-4cab-8493-85a90fa52ea8,Angela Compton
49ad20ec-daf1-4978-b990-3163a61362cf,Jacob Mccarthy
8ce48ac0-ac5e-4909-ab2f-6cd51a4927e0,William Lopez
7d3cbee8-4118-4d32-a809-84e746d3ba6b,David Oconnor
f31da7f6-b0ab-42b4-a721-c8feaf040841,David Edwards
d9aa4a49-f6cc-47c0-afe6-d2ef72f8e872,Kevin Elliott
7dd9933a-44a6-4fca-bb39-5f831ce4b1d0,Natalie Hunter
304edfe7-644a-4bb7-a9e8-27bda35a5b05,Dustin Santana
94b0e50b-2dae-4207-a53d-e8c605f66226,Cynthia Martinez
b5b9fa81-6d3f-4c04-9849-c61957a10721,Regina Chen
b01fcdea-ab77-4177-a0ef-e1c2a8b973a0,Katelyn Warren
d9e7f34d-6889-4c95-b8d9-fc4dd285f8a2,Ashley Smith
66d98a2a-5fe7-48b8-893d-987c9cac4985,Marissa Greer
0f773034-57da-4d32-8365-04e70481bee0,Katherine Berger
7cf18053-2965-4292-b461-83c55cef9c91,Carol Christensen
433d1016-bdca-4564-b1a7-96014c7eb93c,Mr. Christopher Price
4c027f6b-bc9e-456c-88dd-da9faf83e3c5,Cory Thornton
84e0d7a3-e654-46b1-a98f-cf05374521ec,Gloria Huynh
4675716f-ecd0-42ff-8452-97e34b0e0c77,Megan Baker
5074026b-31dd-4ca9-bc61-7ba244dcf05b,Andrew Hicks
1c28525e-0e6f-4ffa-a5e9-86947cd3cb93,Allen Harrison
e3905ae7-4141-4f0c-816c-3296121d5186,Catherine Robinson
b6f3442a-da6e-453f-a020-d70398f2f269,Cathy Hernandez
14af4f26-7093-47ef-97f0-cb5384609e0a,Nicole Perez
859faf96-41a5-49b6-b463-580eac57df19,David Donaldson
f9158550-de24-47c0-b12f-50775e88a75a,Jennifer Castro
0ea95563-bdf5-4aec-9e37-f2d729d693b6,Paul Gardner
7e2e2f5b-f90d-4fb3-8dfc-65ee0b1662b6,Elizabeth Schmidt
b772060c-a48e-450a-a0b7-bf839d89c3ab,Steven Atkins
7ce9983d-a991-404b-a455-a593cbb2ace1,Tamara Odonnell
098d8717-0523-4b06-8d58-f632a328c49d,Michelle Patterson
e01af323-e118-4317-90e6-d3410c23e5e0,Sharon Johnson
54224070-ebe8-44d8-98a7-77edaceb48e7,Walter Richardson
162fca34-c366-48b2-a502-d610a21c8b0e,Logan Livingston
5848ecab-a63a-4003-aa39-b26f17f0a7fa,Duane Wells
471182d1-4640-44c5-85c7-71c69e211e35,Ricky Lawson
6bbcda9a-dc57-428c-8a93-91130a7677c9,Kelly Miller
205bb91c-53a1-429a-b205-273cc9aa9483,Brandon Fisher
34b180e4-1523-4018-8ea8-fcb65d6c4844,Chelsea Blackburn
26579752-e70b-44f8-a140-1b8ca40ab5f8,Alexis Gutierrez
63ae6df0-47a7-4843-a3fe-f55cc5db99a8,Vanessa Sanders
232e6b74-1c46-4633-b7b6-e15898415d13,Evan Williams
7e969ba8-0fb1-41df-86ad-e1faef0d51f4,Sarah King
11c295be-6877-4967-b6e0-34934b895042,Kyle Carroll
dc4fba96-77a1-41cc-a345-d690eefe9056,Noah Jones
9b6e1d7b-780c-4378-ab38-b615d73e35b0,John Pacheco
c5bfc46c-f34c-434d-8fda-2809764dbf37,Lisa Jones
af21d98a-5cd5-483e-bc9a-1ceff8002347,Courtney Martinez
6e5ab575-614c-47f2-bfb5-80071790bae9,Gregory Rush
f1aa9c3c-4059-4d17-b0f9-8760b0a6fcb2,Angela Clark
d0753664-cd8f-4ae7-9080-dd16791e0d6c,Ashley Santiago
70b1cf41-e732-4287-9e06-396dc3abf6f0,Duane Martin
d45a4c5c-2dd4-40f6-8b54-7a6a044202f7,Ryan Wallace
d07a0b00-5995-412b-bf68-299c81c1259c,Valerie Parsons
5ae7cd54-8a9b-427d-8813-ee305c5c0374,Ms. Mary Parsons MD
464d854b-f041-48af-8d23-764f5a349788,Nicole Smith
4fbf38db-c67a-4d49-b759-7052a5abd60e,Tiffany Zimmerman
c65664cd-8f9b-4484-b09c-0c7575ee6992,Alison Benitez
28cf8541-5a86-4f98-8ee6-17382583ad7e,Ashley Miller
79763796-0684-40d8-8326-74e7cfd69c26,Andrea Jackson
9edfb54a-9dd4-48c1-aaa6-044916734bf6,Lisa Brown
5e73e01e-41b1-4174-a0bb-ce5b1227b65b,Gregory Good
4c925f10-7aaf-4ec1-a95c-3ce62f09149b,Cheryl Wilson
1f6a7875-b540-4036-b00f-1f0f274c0353,Samantha Miller
140ddb5c-0621-47aa-a87c-113e48191d34,Cody Perez
1b11747f-ebc2-48b2-8af2-0f40f86347ee,Amy Roberts
cefd420b-5f17-4423-b39c-8cf767912224,Sabrina Downs
06bf5e88-6cea-427a-81ef-15bffe1259f8,Joshua Smith
82df6c30-5b46-4ba8-bed5-02eebb0d2171,Dennis Kane
470b1cf2-2ba2-4b04-bc7b-663352e58cc5,Traci Hicks
3ee12e6d-322b-406f-a87d-4ec5b3b2782b,Manuel Mooney
8ca07f21-56a4-43ee-848f-df1009d8abae,Jeffrey Boyd
c518e474-c8b6-49d5-8927-348f1f9a0a23,Wanda Osborne
ea9777fd-e6fa-4df1-be48-df1a9f2efe5d,Jason Jones DDS
5fb65be2-def3-4723-a376-c4caf981e548,Mary Jordan
455dcd67-448c-4318-80a8-702052cdd22f,John Wilson
e1051f82-bfdc-4935-ade1-67563ce29d0a,Melanie Scott
ccd98ddc-1039-4659-aa7b-3caf783b1b14,Brian Porter
59b714ac-3ce3-473f-a2fa-2e44aa9afe9c,Anthony Rice
83360407-84f9-464f-b062-1a8c69dae375,Matthew Henderson
5a4a44bb-ea10-4dea-b891-f562d5f60038,Tyler Spencer
8dfe988e-94f0-4925-b3b7-d2f226f0b318,Melissa Allen
91d1f1cf-0e67-4876-b6ee-9655df38f450,Kelli Williams
c79aac38-0e93-4438-8f18-2fc23fde76b0,Christopher Foster
89036afa-0f1d-4340-ba8b-7d360af5fb62,James Jones
e7bc9af9-20e4-45b9-8b92-6cdae3ff6722,Andrew Lester
7bed807d-290f-47c8-93c1-881d18deacb8,Jeffrey Durham
e7c9b285-d737-41b8-a30e-2ad67b315dbe,Paul May
1defb4c4-1a5e-409b-b1f8-7d9bee8f9eae,Michael Rodriguez
ad7b3639-e567-45c9-ade2-930714b0c3ad,Matthew Walker
2e4a9f09-a3c2-426f-a23f-64529bdae0fa,Heidi Jarvis
cf347bac-3e4c-4021-b9fe-1c40452ff659,Philip Sanchez
2412685f-997d-445a-93d6-caee9bea0808,Gregory Wyatt
87c12703-583d-4643-98fe-2332e47c1a53,Nathan Mendoza
7e57cc7d-7f8b-40cb-bb17-a4875715e938,Michael Steele
2fd1b55d-097b-4ebb-af12-a7b2ba425f18,Brian Lopez
241cf7c0-cb77-4c84-8c33-52ac1ef21d35,Erin Garcia
704c600c-8e45-4306-b25b-7c4689e760f5,Christine Morrison
70706599-5276-4707-b82c-c827ccebe410,Miss Carol Garcia DDS
a1156104-2687-4080-ae18-39db55bacc6e,Erin Murphy
535a1082-3922-417a-9264-31dd08bdd817,Emma Harris
4fa964bd-aab0-41a0-ba19-9e79c0ba9505,Melanie Cervantes
fccc9797-6824-4ca5-b7f6-c77cafaca776,Sabrina Brown
13312286-4ae0-4cc7-8d92-dd159fbaba53,Margaret Lopez
649c2751-4dd6-4545-a4d5-14750d15b859,Richard Jones
17ce6fe3-70d8-49f0-9aaf-e4e2dd454699,Ashley Oliver
a647961d-5348-40eb-8985-413dd9969e56,Carlos Pearson
e5b1cf40-46ac-4153-b0bd-83d880643cab,Elizabeth Powell
8ac512bb-c010-4828-98ce-5a7e3ce2afe5,Devin Willis
399f8fd2-a51b-4290-82df-261b6f0069ad,Rodney Clark
ff46abcb-792c-4e16-9e0e-ced3fce14e95,Oscar Sharp
89a15b6b-2da5-4985-8c2b-7ad8806efae8,Gregory Taylor
1f7731af-6242-4ba0-9b70-6cb470e5d2d8,Brandon Patterson
441bbfe1-95bc-4478-a2f7-3b0812fab6f1,Krista Ford
acb93c1b-6c19-4933-882f-7c8d5d03ccb2,Stephanie Carter
776d8957-1f31-436a-8b06-aad9fd74e53d,Julian Stein
593c55e4-d030-4fb3-a9af-f938adc51b0c,Amber Patterson
411e23ff-d307-4773-8c5d-f226de7fd959,Laura Marshall
16335121-1d39-4155-9394-f13effca8302,Dana Weber
399a6c47-5eca-41ea-944b-8328da9195f4,Angela Miller
21fd4647-581e-4e54-a9e3-8fff63dd02f0,Stephanie Nichols
419f2123-b7df-4c8f-aa28-24065b73e2b7,Michael Lawson
ff538c57-b043-4da5-b223-db7f0704ebb0,Joy Kent
9201c76e-6551-46d2-959e-0abaec59bb80,Ryan Raymond
0cb5efa3-b9dd-4815-b591-0fc33dbe1833,Susan Wang
043718cf-7bc3-45bf-848c-e743ef7eab69,Garrett Davidson
8cc95b97-7521-4719-93b0-6987ee81d419,Anne Mack
1c55cd14-2c47-41e7-87d4-f1cc10c34647,Michelle Fuller
f84e2bad-e287-45ce-9697-3aa9ca4d27b7,Scott Evans
5ac6dd54-4791-4155-8c36-6d567881f823,Jared Peterson
d803f56b-ed9f-4c60-b401-fe947e39d9b6,Faith Johnson
339a1164-3933-4ada-887f-b1514a84e65f,Jason Hess
89b49848-da99-4705-8324-dab01fa3f4e5,Bradley Padilla
88c4ca24-9036-42cc-ae43-6b9c0e1bfc0a,Margaret Ford
393b8027-b524-4228-9bee-ce6ab2b253c0,Kyle Ball
f5d2f71e-baa5-4a4d-9b29-bfdc1a5d43eb,Jessica Fields
c34860b1-cf04-41fe-8b5c-f96b64619b2c,Caitlyn Thompson
60941eff-dc97-474d-9fe3-4722106b6278,Catherine Solomon
5e67d615-1081-4a3e-8f28-1f446627aece,Sandra Lynch
fb9b33fc-bb95-4ea7-a059-478e9164b830,Kelly Johnson
4cd2c66a-13a0-405b-812b-91ebde3052fe,Vincent Thomas
352065ee-8e14-4735-90dd-758b0d1b1f59,David Erickson
d64d8ba7-eedd-4097-9b05-d9a551aa2519,Courtney Carter
51e43df5-6dbe-4e9e-a65b-de40a832c82a,Lisa Holt
517e083d-d001-4fa9-9afb-4990abf7456e,Anita Wright
81442fa1-24e5-4451-83e0-802152403297,Tony Smith
a9bd5c87-d969-4f41-aee9-7881c8474ad7,Casey Lara
3d8c6209-9c3e-43d7-bbff-c7886266167e,Luis Stuart
7e52b7c3-b3c3-456d-9b11-d18239645c53,Kevin Rodriguez
b130d1e3-ec98-4296-9ac6-1f693ce697ca,Gloria Jones
aff82b27-aabd-4473-a5e3-51ee46815222,Alicia Gonzalez
218eb0a4-dc68-4496-bdb7-87f8d8b11585,Scott Ortega
d9391b1e-9844-46b9-b5d3-410a5098470d,Stephanie Hansen
a02ca9d2-d3b9-478c-8d24-a3d1bc29b456,Johnny Mclean
fc465cd4-ba15-4b5f-a045-d6957127f178,Kimberly Gonzalez
843c9819-f7a4-4d10-9ca8-9a6c47215b47,Austin Adams
d6c5b07e-62a6-4b6f-81b3-b419cb2387f1,Tommy Johnson
9c18690a-a362-493b-9a2b-6aeccaf875dc,Antonio Skinner
4d46915a-e2ad-4130-b02f-85992b68bb6b,Brandon Holt
11567a93-703a-4a2e-9d3d-f469055b08f8,Victor Charles
5016dcdf-0d5a-4574-8900-8fff09121843,Chad Garrett
286271f3-8db3-4164-aaa2-fdbece7c4a0e,Gregory Peters
911468fb-0b3b-45a5-bb2d-8037e72cc6db,Jacob Nichols
3f1c76fa-49c0-4187-9569-1c0b4e72698d,Lorraine Walker
1d9ece73-b80c-4a14-b0ad-65faff299eb4,Bob Barnes
db45e82a-aa38-4671-975a-5a7a56a8d73e,Jessica Rogers
5a94827f-c448-49dc-8390-43cc514e48c7,Mason Patton
6724b298-6f5e-4f9c-b597-78978e94b4f1,Sherry Pena
967e6499-808b-4d69-86a1-9de33ba8f46d,Joseph Alvarez
07d316a1-4ec1-4fac-add8-c1662088e095,Andrew Baker
9c0e18b6-872b-481c-98a6-5d81aa2779b8,Nicholas Murray
37fce507-7dfb-4df1-af29-b80a75bb405e,Barbara Stewart
aab9d964-8ef7-4231-a7d8-81794a90ae28,Carl Middleton
e42620ec-4137-426e-8678-9c059540a3df,Carmen Robinson
e1ed653f-d010-4577-ac35-94915716a735,Mitchell Robbins
ed61ec13-b94a-446f-b666-781437b796aa,Nicholas Flores
b80dedaf-af62-4b40-ba95-3eaffc548715,Ryan Tran
0c9af3a8-5edc-4a56-b047-921638bbc568,Michelle Thomas
ff21be24-8342-4be5-b4c2-7d6ea0f83224,Michael Lin
50e52551-4462-4ffd-8eba-ee61490800b7,Rhonda Martinez
7ffc2db0-c020-4cfd-93a0-0fc9eaa0d8e1,Jason Hall
ecf197fa-0f26-4b19-8435-31764adc3d94,Kimberly Burke
bdcf03ac-37c4-4ab0-b556-e18a97e7b5f0,Kimberly Bailey
12348198-91e8-4204-9c25-05ce3ad63000,Michelle Rodriguez
33f62cf7-8b3c-49a9-8a13-587c8a6c2f45,Karen Mullins
3083b483-bfbd-4064-9ae0-8b20d341b685,Alyssa Cooper
60d56c43-db98-404a-bd21-428dedd12c85,Michael Hoffman
95968661-dbb9-4bce-8bf5-149188f7b3d4,David Holt
49c0507e-d774-4c6d-879b-a2012ec454d3,Ryan Booker
1fe80a14-25c2-4d4b-878d-c60efe69cd70,Andrew Beck
2663cf0e-2209-4c3d-9243-556938a9b5a3,Amy Johnson
055d61d2-1a11-49e0-81f5-cd832237854b,Margaret Harris
5bf5b008-8903-4a4e-ae2b-85b4f6f8800d,Sandra Hall
a6f6f821-b684-42c9-aa2b-315e652d188e,Rachel Reeves
415c8162-9a17-482f-956f-56321d622344,Christopher Estrada
9d056e73-d237-4403-910c-b5a0233d6f5e,Danielle Griffin
12a75650-c9e0-436d-a410-7c8aa7a7b92c,Jeff Rodriguez
17a3a9aa-0ce9-4a67-8f5a-d6db8ea60e7a,Kaylee Ellis
fc600187-aa41-47e5-9a9e-3ab863b22e14,Michael Martin
f0ede2db-9ca2-4ffb-b619-202f5509f7fd,Anthony Rose
37b9f286-ee2f-41cc-a777-2151ad748b9f,Kristin Rodriguez
df39ed83-b41c-46db-8fba-0cd09877f2e8,Taylor Barnes
fe508f83-607b-4522-9731-5d01d9e1616e,Heidi Short
269c2952-2769-4796-9009-c18c7669c9f4,Juan King
c1f5f24b-8f4c-4948-adff-6f4cdd5d7bf0,Steven Smith
dfb36e63-fe85-447a-99a4-b1b09e2ca7ea,Karen Pittman
3b1d2c13-f7b5-46b0-b592-a524124db6c2,Steve Waters
20572e05-798a-4e8d-8673-2a0945bbca87,Kevin Garcia
6941c609-7a2d-4a71-b65d-3816e026f277,Kaitlin Browning DVM
9045d38c-6e08-4b2b-845c-d658130bc3bc,Richard Campos
e60fcf1a-ef84-4446-a31f-4b1f836dba6d,Beth Moody
b9302a9b-513d-402a-9de5-95e67310c34a,Alexandra Carr
c91d8f6a-e807-4b3a-abbf-f0fa35455647,Carlos Barnett
62e67225-b579-406e-8470-9d9383f78402,Wayne Smith
ec5016a3-e0a9-4854-b8ce-3210be8958cb,Bianca Kennedy
dbfcd5c5-087b-419a-a9b5-f60776a40924,Jose Smith
ada3a0d9-81c5-4d81-9415-5b52ccabf8e5,Robin Nunez
3e2ebe18-b5a5-4e24-8a0c-3b93b5c36360,William Campbell
7549eed9-7450-4937-b34c-3b6caebbf9a9,Alexandra Mcdonald
08acd231-420e-4ac4-a6ad-29b475a7eb6a,Natalie Graves
c4f1d156-62e3-4698-9c2e-e5241256377e,Mr. Johnny Perkins
7f9ad4fd-0813-4253-80d4-aa5026ecebb4,Marissa Todd
22fe68f9-6888-4392-b46a-4eddb668d7fa,Christine Lloyd
50776134-3c55-4607-a18b-df52c3e1dead,Cynthia Keller
b08cf348-a9b9-466e-90cd-9c7b572a6f02,Maureen Kennedy
084b9c05-c8fd-4799-97ee-9ac0ca8e23b1,Adam Hall
e1bede24-de35-4779-abfb-c5e92d085292,Gregory Evans
c5a4bd6b-e31a-4f88-bd14-fe02856ce37c,Andrew Williams
31551268-6fcf-4dd0-9b31-bd66c55b493d,Joseph Howard
c69cc1f0-7dff-4ff9-8dc6-2dfe895791b6,Katherine Bradshaw DVM
28d5d564-7e4a-4220-8211-1e3f906ad30d,Charles Palmer
bf010a40-a85f-4200-a39b-f508a3242e03,Patricia Lucas
8c4355d0-b4c0-4e45-9d21-100ac3d01272,Marissa Taylor
531a07a2-a349-4053-8d29-a9394048cc18,Nicole Larson
579b5e97-0459-4611-a1e1-3b793de20d62,Michael Robinson
63d8ec52-97ba-44ca-9bcf-1117124678e3,Gary Anderson
5145eebd-2adf-4b29-827e-70a7a68fee62,Corey Payne
69aceba8-7146-4850-b755-412409b8324b,Jonathan Stone
15a443bc-ebb0-42ac-b24e-4ac354a74c2d,William Smith
d1516395-be9a-4395-8c1f-4c4418c5eeb8,Dr. Adam Mcconnell
615d5769-1e17-4985-8c4c-2c4bbe1cbe19,Julie Walker
58c72611-0c8d-4c86-ad72-9d54ee267a68,Ms. Margaret Chen
859250b5-bd8b-4fcd-af79-46d8e9c1a4e8,Pamela Grant
59d59b9f-78dc-409e-b4d8-bca4b1d50a19,Dawn Neal
4405d697-d65f-4e26-b027-80dfb5b16c66,Shawn Cook
a667313c-c210-421d-9494-b4583f4e2890,Lynn Brock DVM
71b4e082-0b70-4f9f-91c5-498a45202010,Jessica Howell DVM
d306e5f5-58ec-4535-be77-545517f994cb,Benjamin Tran
fa512659-05f1-41c8-ad49-cc3ae201bf46,Kylie Juarez
b9e4224c-1b27-4b32-99dd-09a44c42c052,Jessica Lyons
dbdfdf30-f9e6-4008-acbb-4a3b034caaeb,Tammy Mitchell
fda0d6a6-9770-41ff-a24a-7994bf9a1023,Abigail Powers
c8bb771e-9498-4571-8f10-2c5b13ef6865,Matthew Hernandez
a1621571-0825-42b5-8af3-31b4e95ba9d2,Kellie Garcia
30629cde-fca7-4933-9293-1c6a8c922809,Mary Kelly
f76fac4f-5410-4f19-92bb-71ae7e3436a5,Sharon Scott
20b3498a-7aca-49fb-b87a-00d1fe202d07,April Reyes
fe5a5e4e-37e6-4b64-ad1b-1675ac6f95ce,Mr. Philip Mccarty
83e09c03-b019-441f-8a6f-11cda8934391,Bradley Tanner
90ac3ae7-b7a6-42dd-b679-ebd578bcc5d4,William Carlson
0c53ab03-b775-40c6-a032-a58749d12946,Timothy Haley
ffa988f6-8567-4669-8153-ebadb472e67b,Charles Anderson
8393ec6f-c888-4acc-8838-cf461d28a2a2,Charles Smith
bb4ccaf3-3943-4c7b-b56d-ef3bf146f356,Nicole Smith
d828cc21-66db-4fde-9b47-539d68958eb3,Andrea Luna
dbddc126-02ac-4324-98f6-3d81824b8854,Michelle Robbins
7e22ff44-5cc1-446b-b044-551734b69fcc,Kenneth Richardson
bcafea1e-0fdf-4322-b3ce-1d3a897f6af2,Jessica Combs
30393778-880e-4b39-98e9-892746ffd96c,Amanda King
9d8dbd6e-79f9-406c-a3a1-487ed4b9da46,John Cardenas
610388f9-b6da-424e-a24f-7e750e6571f1,Jacob Williams
ee16fd67-b3f8-40cf-932a-b9f403073520,Joseph Bailey
e30ff85b-d08c-4747-b129-dacacff64438,Laura Lawrence
e37b3d39-71e6-4678-92c1-e8d918244322,Madeline Arnold
bc66a08d-9ce4-4aec-9fa1-2b4afb26eb1e,Denise Lewis
2730a3c9-303d-4055-ac59-b68e30b1995e,Brandon Moore
12774500-be01-4c6b-8674-1bbf56631076,Emily Tucker
484143fe-a1bf-40ca-a473-defb25924adc,Devin Cummings
87fea031-4cb0-4d64-926d-47bab98ef5b2,Richard Douglas
5ad801ac-2feb-4087-afec-cea0fac2e7d7,Kristina Trujillo
ce80ffc3-936c-44bd-993a-5058da0f8312,Eric Montoya
f42c39b3-6797-4770-b935-a4447964c9c9,Mary Kent
c6cd87f4-3431-45e3-b342-1c9e3254c9c1,Michael Martin
1b283e99-fa5a-41c9-bbdf-d45902c7bc89,Lisa Lewis
7f11c4f1-e60b-413e-b935-3f68f5b649c4,Jamie Anthony
a3d810c3-d864-4a9d-8e07-4205c15fdd88,Eric Peterson
6ed1b5ad-6d65-45f8-a4bc-9d8a814259a5,Jeffrey Mcgee
f2f63478-66c2-4335-8b76-c82f9beead3e,Samantha Gutierrez
2d9bd813-b21d-4da9-b20c-9f1ed01075f0,Tammy Calhoun
58f9145d-498f-4160-a9c0-76a0d2e19fbe,Roy Compton
75a25072-d0c9-4e69-8277-f75e78b0afd7,Bill Ellis
cad2a52e-b396-4420-8954-68273174262a,Jennifer Padilla
5388d0d1-9b03-4ec5-a0e6-c5ad36becdee,Alexis Pacheco
caf4c4fe-f1af-4bea-90c0-d5a898e8ade9,Jennifer Vega
4c07a230-6a37-4dc2-a085-a1b526af8957,Alyssa Wheeler
f378bf82-fa3a-4d41-b64a-e01bd58f15a1,Kelly Waters
eecdc2b3-a6ca-4812-9d05-8e07294be587,Kevin Cohen
2c263cd5-89d9-4a91-8908-bc7b34d9545c,Donna Ellis
c5830e1d-b4c0-49cd-8de5-96f12b8e42a8,Kristen Garcia
d266f538-4f01-4709-b4d6-93974502cd03,Dylan Payne
aee1be51-f198-4402-9cfc-fefc98d40a2a,Ricky Black
6ee7ffe7-6bf0-45a5-baa5-ef69197cb1d3,Joseph Snyder
827b13d9-cc4b-41e2-8097-c51c4feeb581,Brett Thompson
7d65d645-5de7-4db7-9719-b192d9bc3dab,Jordan Cole
2d04fb40-9590-423f-aa73-c326274a2740,Nicole Castillo
5aa76566-67f8-4fd1-949b-003d34be4c7c,Michael Klein
6315f932-315d-46c8-887a-bbc90e74b8ab,Wesley Russell
90595458-c5a9-45e4-a819-1c916e870c22,Patricia Riley
4d1af199-8d67-462e-84c0-753e2affe4da,Taylor Wright
f569a878-92b8-4592-ab06-3b502df55e49,Jennifer Rich
ae1a95c5-75e8-42b4-9b03-e7b8dd8cd40c,Adam Turner
4bf12fc8-c266-412c-98fc-82485e45e87d,Erika Martin
9880e378-e697-49c4-9f50-e751dfd50e81,Gabriel Ford
4b1c9bc2-9cff-4711-9665-9be51caebfb2,Michael Cobb
73c305e6-375c-4b58-a394-5fd322838618,Valerie Lee
117ed540-0b2b-4f6f-91fa-f35566fbaf73,Cassandra Rodriguez
cc96be62-9576-423c-b6c6-5c6a0d5dcf20,Donald Mcconnell
1add9bc3-97e7-44d1-a89e-46f3999dc3da,Todd Roberts
c4f5b9e6-28cc-46e4-8d08-4c17178ef518,Peter Lang
3a63248b-15eb-4354-bf03-e108c91cc2fd,Tanya Cruz
d4499aef-2439-4471-ba78-3924ad8b0e59,Jeremy Carroll
3a2cc64b-29e5-4a01-8d6e-416a4b8540ae,Michael Little
630b8b48-8e7b-48b5-bb51-7b1a02a90597,Diane Gutierrez
42866da9-ccd9-4cf7-a52a-33cc12b9c632,Norma Smith
13734e93-2738-49c4-8a5a-9f406d03217d,Crystal Scott
70eceda4-9d02-4292-a548-36959a222c18,Thomas Jones
0afe85fc-9f90-4b31-95dd-4669835197d8,Regina Mccoy
2e8cc67f-8303-4f84-b9f1-8a940ed7711b,Edgar Murray
0ddd93ac-6f44-4352-a35e-16feb60576d1,Heather Hamilton
d876616f-0a1f-41aa-9fdf-96dbcccf73af,Monica Adams
a96ce67e-3656-4a09-9bbe-e19946df2b17,Steve Adams
26bbe024-6003-4285-9d41-034f1eff8fc2,Tami Huber
bdb43c96-612e-407c-82c3-49d31c660bcf,Joseph May
bd858486-ff81-4cd9-8fd5-2b27481f56d7,Scott Carter
2cd7c934-febd-4420-98dd-b9e754330959,Krystal Lawrence
d8f6cf08-4e1b-4140-bc7a-4e0bf1a29013,Reginald Miller
13fc045b-6580-4d9a-b298-9df5832486f7,Bradley Brennan
8629f9ae-7ff1-48cd-a8a2-a2b5a59a1f2f,Shannon Novak
66f818c6-5813-463d-8eb4-68ec41d0a1af,Kelly Lewis
6196fb6c-d6d9-4c08-abc2-3160720dd600,Anthony Burke
72a48b3f-fa45-4a5c-87bb-7d56c2fedeec,Heather Tate
a9a1a599-6e8e-4666-8e28-1dc94f0d9988,John Kennedy
a62d1f5d-23b3-4c8b-8a74-849478c04da3,Angelica Kelly
54c855f7-7773-46c5-8465-6a8cc90f7e65,Carrie Foster
174d200f-f673-4d65-bbb7-de174f2a716e,Michele Sutton
bd67d642-d5d2-4adf-877b-1c074366a3be,Cristina Hill
af7b05f9-89a8-47b4-8746-0fcd13208717,Whitney Lawson
f64456e3-2277-4de9-a2f4-fd01b379b96d,Michael Bass
8922e087-0a59-46cc-94f4-c35742b10bc4,Derek Martinez
467bdcca-4144-4dce-ab14-e612179c7068,Denise Wagner
e601d734-5745-400b-9d3e-f086a440eb35,Mitchell Hudson
76a61010-1e62-42ce-8a62-f8fea55c1a4f,Devon Gonzalez
c72f721c-6f09-4ff5-827a-651bd37ebbc1,Thomas Mendez
64935b8e-0f1f-4335-9d09-c0b6f6b31ec8,Katherine Taylor
b563e5c4-558e-45bd-aa0f-594ff9797f6d,Justin Farley
325e3eb8-1e8b-454f-a789-a3514560dc2f,Michael Wilkinson
2aa9b188-7bb2-49bc-8a33-c0d418a5e51d,Margaret Mcneil
628007ec-cdd2-42c5-b181-d4bc8231c4e7,Jacqueline Ferguson PhD
232b9990-57af-476d-b8ae-ee39597c784e,Wendy Bernard
f330f0ea-daa5-48ac-a4e7-b13b49f74a3a,Scott House
71c61d0e-3c15-4d2f-adb2-c54b19894988,Nicole Bond
bea0f9e4-1490-4217-bc19-c4a4386d042d,James Holden
d9cd00e7-a9ec-45e9-871e-88682bb4b668,Joann Graham
6ba8d69e-dcb6-4024-a317-7d2543a58058,Teresa Ellis
355d4506-4412-42bc-8ade-df4918e0e8e4,Mary Jones PhD
a3c9d0a1-6c46-4302-a421-3273f4166529,Kathryn White
1261717e-a70e-4c7a-9e5e-fb7479e382f2,Kenneth Jackson
8337e976-d7ab-4a2e-b1bf-5571645f8721,Ryan Cross
5ec84efa-f474-4e09-8025-b6021f72ffc4,Rebecca Cabrera
cdfd230d-a378-44b1-9c68-de066562e898,Joseph Cooper
b10b1087-de94-4efd-9487-664d4bf5f5ca,Jeremy Ward
fe6ce32f-6617-42a1-bf02-83b659c41512,Dennis Watkins
f6b8526a-b182-45f2-a8a2-54cb7096dc60,Anthony Rowe
026c59a7-6ec0-48ac-b8af-8522692042b0,Steven Stewart
892055af-ce78-4558-9149-cbd4794654a9,Marissa Brown
cec13227-f7c5-4bc7-91ac-ddbb63411ce5,Michelle Bentley
67c76c53-0240-4e19-9697-7c32c28591c8,Randy Willis
cadabc8a-d7af-4cf4-844e-cf40d4df538c,Joshua Lopez
006a3728-4ac0-475e-aaf1-4a6d74afff9c,Kelsey Wolf
420559f0-34ea-41fe-b006-6d1474b7dd12,Steven Lewis
9b6629d5-b8d1-49cf-ba96-502a06e697b1,Richard Guerrero
a14f3099-c0d5-4bcc-a09b-d8b30fdefc4b,Andrea Chandler
d3de4f0c-fcc8-472e-9c61-c541ce6eaca4,Brittany Jensen
a99060b5-4475-4422-9448-1d2d8e3f565e,Michael Paul DVM
f52a5323-280f-4bfa-8424-60371acbb7ac,Meredith Freeman
142b410d-df31-4758-9c31-b800cef7c981,Gregory Hall
ba1b4415-3092-4cd0-a0dc-7145cb15f778,James Barker
32a250d5-fab8-4434-aae0-d4abc9cd1c95,Ann Phillips
bb277706-01f7-49dd-8e25-6329066f2a75,Charles Clark
54379594-f23b-4dd8-97c8-700885e99802,Daniel Galvan
821eac87-1b9c-44d4-be2e-61330338836e,Randy Sutton
0a2772ef-3149-44ad-9f7e-b16a0921ee41,Anthony Ford
00adb6f3-baaf-48a5-816e-faa5ec5e3413,Jodi Perry
5ac86556-8ff0-45fb-8fdd-b017f94d1155,Abigail Villa
fae5aca1-df0f-4fcf-808d-61d66d8a4da2,Greg Bell
47647197-5b80-4f1e-82a8-adfbaf0d828d,Susan Mason
a2a61bc2-3224-45f9-8191-236f5d285463,Russell Martin
4b1246f0-905b-406b-9315-b88ec59c1011,Manuel Wiley
f32b90e4-7e51-4542-922b-2f276cf4871e,Michael Fernandez Jr.
c7d006c2-1251-44f4-a179-931a3b1c6ad8,Gabriel White
d065d06e-2d89-4f5e-bef1-58b9e3094689,Lauren Wilcox
3ed7c4e5-cd24-47e2-8184-a8d708767b8c,William Zavala
03ce0705-8f7d-4749-9611-135286671df7,Jonathan Keller
4ce5d8c0-e33c-49e9-9dd7-9b3ec47c1c13,William Lewis
dc3d6998-8757-4ab3-b6cf-6f8075cb04f8,James Roberts
c074551e-124b-489a-9037-6cb815b4287b,Dustin Lambert
45ba5159-701d-4019-a692-4a43f2c10ddd,Cody Ramirez
61d62c19-c93c-4f1b-b571-19ffebf4a1a7,Austin Graham
b1cf26d0-8b56-4782-a74a-962566937fc0,Curtis Martin
e24d4dc3-d269-4ad3-8fcc-0cba9fc9d922,Brianna Williams
25bb6c40-96a3-4368-925a-7761aa9a10a6,Olivia Clark
d2d45541-b69f-4857-927a-b6c929fe5083,Robin Coleman
d72f2bd9-1885-45e1-b9b0-5c09785f1f7e,Benjamin Wells
39269561-d41b-42d8-a46d-80ba2f716a12,James Schmidt
8df21645-a552-45cd-b604-d65f633ac6e0,Julie Brown
c69873e2-8183-4ccf-995e-82a60778615a,Shannon Schultz
997f3ec5-09ec-4cca-b15b-4615c1343cc2,Rebecca Wilson
1ae831cf-6db3-4e7e-aceb-37f4940e92b3,Stephen Myers
4053eebf-6297-4c29-8d09-93b9bf2f7496,Cheryl Bailey
d3f6f643-cd4a-4d92-b322-ca9c81fce4cd,Derrick Adams
ed86528f-32f6-4bb3-8676-e48763566051,Chelsea Mcconnell
63358f6a-687e-462a-8dd4-e1269aa6dd5d,Wendy Jones
6c8e7cb2-0a75-46e1-b0cf-8b5ab4f5abc1,Jordan Conner
78801690-8ae1-43d2-b688-b15dee8e7be0,Mary Jones
21455d43-7343-40f1-83e8-8ebbd73b04e0,Elizabeth Campbell
d234b809-7b48-477d-bc3d-a3f6ff8eb9fc,Tammy Brown
f4c505f4-035a-413c-aa8e-fb5c74d893a1,Reginald Gutierrez
122d9286-ed0c-4a21-93d4-b4f06e2447a3,Chris Collins
fe25ecd3-16c1-499f-b54a-b7a8912174a3,Kathryn Heath
57061c5f-55fc-4089-8097-69ed961c04a0,Rachel Schroeder
60a5cf12-289b-441c-8a4c-4e083b18681a,Anne Harper
adc5061c-30cf-4ed4-aabb-758f0cf221a6,Adam Vega
6035536a-be8c-45e6-bc43-89870d58fa05,Michael Valdez
daac7254-0d91-491d-ab7d-47cc2eccdd14,Ronald Miller
c759e963-5c10-49a1-be40-eba840b009dc,Yvonne Porter
3448ccb4-aeff-4ee8-8f04-e4581f2e1e55,James Banks
360225ce-15e7-4750-b111-d9412cb5f857,Dustin Spears
e6592312-8bf7-4556-b0fe-622cdcfe956f,Gerald Alvarez
399af153-3fcd-41d1-abf2-141dee137f79,Molly Sanchez
d9e22f7f-63bf-4cb9-bf56-39827f6f0ff7,Joshua Hatfield
0196d820-b053-4ba1-96d2-50b30eda9ce2,Jennifer White
cfdbb033-7f40-4773-b0cc-821c1520f89d,Karen Rogers
35ad3588-8c43-4d89-978a-3247ffc7948b,Gina Curtis
a89b0b1d-93a0-4f42-9f6d-e0f34919f58a,Deborah Cervantes
628617e5-9acb-4edc-8e68-7c1e440744e1,Tiffany Montes
4ca465cd-6b5d-4db4-9350-dfe28a5f1617,Gina Smith
fca228a3-157d-4efc-9ae2-2d3a6acc0e37,Richard Hernandez
8426017d-fff7-4f75-9ca7-88c5bf9d2cdd,Logan Wright
b041ee12-f5ef-4f9e-874e-5ed9a55a64ae,Linda Acosta
26101bdd-a28e-4092-a2aa-e0c54f826081,David Jackson
771b591f-66b4-4ed1-8290-a27f3cff05a0,Kenneth Hawkins
0c80b323-70cd-48cb-8898-f080348591bd,Jennifer Sanchez
318ce5a2-6b6e-4e90-b645-bb4c4e64beae,Adriana Pennington
4f2f4a90-4ebf-4bf5-b54a-3c57ebc8ad43,Robert Mcdonald
8db134d2-842b-4564-bdb6-0582e4c59c26,Michael Smith
30ee8c32-7df4-4bb1-8f16-9e51ad0df16e,Edward Flowers
9251a6bf-f106-4abb-85d0-81e4447e99f7,Steven Cook
072d22a9-cae7-4159-a352-215a9ff15fa8,Dr. Denise Klein MD
9244b069-290c-4d3e-8dc9-b1850a7e9b06,Susan Sanders
fa2bbefa-9fa2-4e2c-9bb8-0e38a6cadce9,Alicia Green
ab26fc11-db40-45aa-8e70-a01f98629e1a,Kenneth Levy
67988fc4-f48a-4d2d-b069-a69c640a46f8,Robert Fleming
45e68529-83e4-43d0-adeb-ddb0a1f8f778,Dominic Roth
28fd4c49-28d0-4a56-a515-a6332da732ac,Sean Graham
0ba1fd3e-7189-4951-ba00-a6deec15eb2a,Nancy Alexander
0d33050c-1cd6-47e8-a8ef-82e0d623941e,Mary Price
3504d8ef-59ca-4f2d-8307-69afed0abbe0,Rebecca Gay
954ca06a-92dd-4a45-9a1b-8ab3d99a297c,Samantha Williams
2f19c81f-fe74-4535-b6c1-1b3ec57239e1,Jonathan Stewart
1d8c3db7-2777-4c21-b7e7-73173cc42134,Valerie Lawson DDS
562686cc-23c2-47d2-a06d-a76673d4b313,Christopher Pineda
003a99df-fd23-41aa-829b-ded89d41b3e6,Stephanie Santiago
10e605cb-edbb-47bf-9744-25b00564cd97,Calvin Poole
920a262a-b354-4952-aeea-79b6367b27a8,Erin Boone
b46f2c22-a8c2-42ee-8a32-f05995803e7b,Kimberly Riggs
bb4b99b0-592a-4185-a595-b8d2dcf7cdd4,Keith White
21d1f3c5-57e0-4f29-b4bf-586d18852dbd,Christina Stein
d6caaf6c-ebff-496a-8864-5999a24ae813,William Maldonado
5db703c4-c25b-4ec7-a24e-f8714de27b9e,Jessica Dunlap
469f1277-5fbf-4e23-858f-77bdb7e614dd,Melissa Mercado
594dac3f-3df7-46aa-a9d2-d59e02587233,Allison Perkins
7af2481a-d0a6-4515-90e5-23770bd4c050,April Gibson
ec2892a9-967c-4af6-b8fb-2c1fd1e5c8a3,Jeffrey Bradley
9ced039e-a2d6-44b1-bcb8-f48e5b5d4f1f,Erica Smith
64b90cb0-876e-4516-9780-60ab994c0e46,Joshua Rivera
697ae9cf-79fb-43d6-80bf-db7fd5c41885,Kayla Olson
c17fc9a1-2f51-4d68-8e71-71cbfb6b2f43,Alexandria Juarez
927e65e9-20e5-464d-b0ff-0422d716e80f,Benjamin Bailey
17869fc4-5a97-4a57-bd9c-28376998f358,Lisa Anderson
27504c60-3878-4daa-a61d-818d4a97ca10,Mark Schaefer
d18ccfcf-b546-4eb4-8113-d0f0e3ceadbc,Chase King
78636cba-182c-4596-b077-eec1dd444c87,Brett Ryan
7f3907cf-1183-4f96-bb9a-756febb13311,Randall Walton
0796afc0-22f7-45df-93c0-1c3d9cefc062,Virginia Espinoza
241f97cf-0646-4900-9bf9-d2ea4ce77ace,Jonathan Ramos
df84bf58-c225-43c9-b4fa-d63cf8b1376d,Tyler Duncan
c2018ca3-fa8d-4d0e-a32b-bea880e78b7c,Michael Dickson
dbbac771-a62c-44e2-925d-937db7c72c0d,Anthony Webb
be1413fd-5a66-4618-b646-a29d96b5aa61,Christy Rosario
7285c8f8-b4f4-4ea1-9ab2-e5897eb177e3,Dale Fitzgerald
dce01fd0-8f57-4419-b289-2b73171cf416,Dr. Edward Moore
9cc982d1-3966-4f77-8bf0-90bcc4ed89da,Meredith Patterson
5d0cbb3a-1580-4a6b-8502-46062c99eb04,Ashley Barnett
26398d96-d681-41e7-a611-508d1e76fe0b,Allen Craig Jr.
46408254-4e1a-4e28-a3dd-4ca57ab6c23e,Phillip Cowan
9abd9cd8-9b04-45c4-9858-c21c0ebe48e5,Jason Torres
beeff406-21d0-41c6-a445-8d4bffadcd14,Steven Navarro
7a0784a5-61de-4c1e-bd6f-aa6cd6cdcfce,Cynthia Cross
76326cfc-73f5-4e3c-ba74-294f9c170e87,Traci Armstrong
2885f601-c6d6-4725-9d59-f8c60a062a79,Eric Clark
c2f5eb55-a397-476b-8619-d2b4ffd080b4,Lori Walker
2ccbd9ad-2cc9-453d-beae-67ff865733a2,Linda Nelson
d3957835-7c77-4af2-86bd-d3b1f15117db,Erin Jenkins
9d05a96b-ae24-4ce5-ad5d-4a2771997398,Donna Nicholson DDS
d011406c-d74b-4753-b1e1-51e64913199b,Dwayne Crawford
6408dff0-72a8-4f1b-8cb4-b30b7576387c,Katrina Scott
2ef53bab-11be-4224-b5a8-21ead1c25d6c,Rodney Hart
e8b64694-6afe-47aa-a5a0-2f807b016078,Jessica Miller DVM
c0f01a17-26ff-44a6-8192-9a1daeb6e12b,Teresa Romero
17e74670-4c66-4219-a430-2b9843bbd7ad,Steven Stephens
00b1ae0b-6ec1-406b-ab81-a27d9d39d89c,Heidi Cohen
d1acee27-1a73-47b3-a31f-9d8eb9df5672,Eugene Miller
d98c6d46-b8c9-4327-9aa2-827a116eefdd,Mrs. Kimberly Johnson DDS
3f0e3e81-2aad-442c-aff3-c2f39d90dc1d,Aaron Smith
2d4abbd7-34a2-45da-a70a-f3c32e9bf5c7,Kathleen Simmons
3ecdaf6a-caa8-425e-9973-813d0d0b89a0,Amanda Nichols
12ed6431-ec48-44cb-ae06-7e7e04005d72,Dylan Snyder
baddd92b-b1e3-4533-94c6-a4eb5306101d,Tina Adams
2809ade2-8b7c-4a5d-8fc1-d17b6e7f216d,Rebecca Torres
0b87b3e9-a189-451d-a4dc-9b0699047534,Manuel Bush
9ab2e1d9-871a-4b3f-aade-eb86df04c7fe,Leah Rogers
a6bb605f-5e81-4aeb-800e-0c47c6e79ae5,Joseph Johnson
306a6138-9df7-42d9-8fa0-327bf2749ce4,Shelby Wells
e1d6ea5c-4d4a-41d1-974a-8cd2784c5a43,Michael Hall
77c73ea6-21da-47c8-955b-74a83bf1177a,Elizabeth Taylor
5165939e-af81-4a3a-b3c9-2eddc86e0845,Jason Gardner
a38ac58e-01f0-4845-8752-622b827e361b,Louis Clark
9b6ebec2-ce55-4d6a-bb75-623bbd3c5fa8,Charles Gregory
c5993649-63f5-4e3a-9e46-43e60dfb290e,John Romero
d00457e2-3b1f-467c-8b27-eddb5ece223a,Kelsey Garcia
151b8c5b-7898-4b26-81f4-7910d8557122,Deanna Sanders
be92c8a6-fe24-42b3-95ad-1ba5779cd22d,Jessica Wilkinson
be71cabd-5af4-4881-ba21-52d147bef7d2,Frank Diaz
88ca4eb8-6168-4b61-8e35-619596a8e8a1,Christine Wilson
575aa2cd-1d7f-433d-bda0-caaa041bc4f4,Jason Holloway
dc71135c-7a65-48d5-8a2c-33407eb2e83a,Jennifer Phillips
4f074c86-878f-4b88-a2ad-e90661b0b6e1,Brooke Pena
8e3bb268-5cde-4053-b3e0-82a1b4345ad6,Denise Flores
e949ceac-831c-4998-8a4d-cc697e2d8d54,Lauren Burke
2d00ec80-60d7-4388-9c0f-756c19fb01d1,Cheryl Bullock
cfadc9c2-a530-4274-bf06-04c13d8bff5d,Lindsey Patterson
78b5a8cc-6e07-4374-a4ba-30137fd9ed1d,Nicholas Le
3cb5c4a3-6291-42b2-beab-570375a7373d,Kyle Graham
c3ab6ea1-39ff-4479-a24e-57a18637dde0,Mark Brown
769828b0-4597-4ffa-b6cd-05e7bc64ef57,Katrina Phillips
c9f40253-8e0f-4142-a094-e2aa0811673b,Michael Long
e2898c6a-84da-47c8-b7ce-e2aaa6534e8a,Sara Hughes
bcd4fc48-7be0-45b9-bce2-6d49aab2e062,Sean Sanford
79640721-5431-4fe7-a69c-786a574d8cc5,Makayla Oconnor
0fb362c7-45d2-4cfb-b4be-ddef682a9f57,Brandon Schneider
772874e6-7faa-408b-981e-8def55a5e093,Cynthia Harrell
1239499c-1b1b-41ef-99ec-632436265f61,Alexander Gould
a32efe68-6557-4b8e-ae40-361dd2b437de,Nancy Figueroa
c093c386-dfa4-44eb-9f09-571ad56ac55b,Jason Bush
44856076-da9c-4eea-9f7a-24395639c86c,Julie Adams
b6e0c693-4f9c-44b2-a05f-0a0dd3cbc184,John Foster
e953017d-2787-439f-9f5d-ee73da626ea1,Jill Boyd
f73db4db-0e6a-4ec1-80b0-4aed017e6b46,Dr. Grace Bailey DVM
ff3c7905-3fc0-4f28-a268-e1c47e1d2f2f,Carlos Mcdowell
a8eae8be-4689-4db2-9c22-8efd804347d8,Samantha Mejia
7e3a2663-bdb6-4092-a29f-5921d8ccf994,Jordan Richardson
a763c7c4-3fd0-472a-b8c0-9fea43630188,Christopher Durham
12cce445-17d8-4f67-8c15-98350558e038,Marco Adkins
a5f83065-7754-4821-afbc-4bd904d1ec0a,Rebecca Gray
1475ade8-0916-4dfe-bf7b-fe8e66fcbac4,Jonathan Morgan
15d7abd5-f21e-4d44-a084-c165d5c0b772,Kenneth Evans
e5dd3a12-500f-472b-81db-b33a0b9cbfc4,Stacie Mann
4190cb12-1b7b-4259-8971-12ef85f953c4,Melissa Thomas
905eee31-23ac-48ae-a853-7aaa2eab1283,Emily Ware
1223c557-ad29-4a29-9d5d-efb41f8ee618,Ms. Karla Thompson DDS
7c04e69c-2b11-450c-adf4-4b8b10a16a4f,David Perez
6f5f2577-b736-4b51-81de-0ba60d0bcd2c,Susan Oneill
b8ba9a09-0e05-4469-a6c2-db2fbe36d4af,Ryan Luna
6ffd7626-fd20-438e-9a67-353edc1955cd,Tony Jones
4b932920-2e78-4e60-8dd3-de2afb296db6,Molly Johnson
6977d8d2-c5d0-42ad-9447-579d24bbe1cb,Daniel Villa
9be9eaac-f264-4aa3-b4b3-eddfee49c52e,Brian Barker
a9d1af2e-83e7-4248-8a48-9d84a33f5a98,Brian Jones
caf5b67b-4104-448c-ac20-bbf0bf6a7456,Karen Jones
4978f9a8-07a1-4101-a20f-2bc09726e76a,Rebecca Flores
3b6426fa-6a53-4bc1-9f9d-b7bf9c2db5c7,Tina Hodges
48355611-8d69-4ab2-bb5a-9a0e73e0c5dd,Patrick Richard
93ac5ae8-ba7f-4e39-b0b3-6128c4c6ab64,Mariah Patterson
49847fdb-a76d-45a5-82cf-7784c332f040,Jodi Hernandez
ed6e1abd-a92b-45f5-9131-32129ba2f4f4,John Hernandez
a3cca852-9b90-41a8-899c-a8a771b1ecc4,Tracy Nunez
1c346265-c496-4d85-8418-c7583b8aa8e0,Amanda Savage
95d86115-82dc-4803-b454-ed3da2ae4b5a,Taylor Sherman
16bde21f-8f22-489b-8884-e66fed34dfd0,Derrick Santana
0dc36068-e7c0-4f31-9b68-837d25dd456f,Christine Ingram
1d92d050-7233-401c-8b2b-f02e2ced0a14,Carlos Gay
1c0bef51-0257-4e21-bfe7-1ca56eeb7a2b,Nathan Gibson
5638f3d5-605d-4d4f-b9ec-9a0d1d3abd81,Victoria Mcgee
d8f9aee1-a8cd-4a74-b672-67d2b851f9f6,Tony Mays
849ee534-7090-4a8b-afb0-0226553869ae,William Williams
c1155697-8c99-4636-915a-795222edbb3b,Jackie Collins
7dfe11d8-33bc-4f4c-be6a-54c76fdcf894,Erin Fletcher
2fb59000-57c2-47d3-b1d6-68da9bf3cf92,Stephanie Warner
ef0a96ea-926b-41c9-b3ce-cd12bad1d3f8,Alicia Bell
5bdce4e6-314c-4f65-9d6c-6bb881f05e96,Connie Horn
04deacbf-d4c5-4023-b9fa-325dba1963d4,Timothy Jacobs
23708be5-8a1f-4b4e-ac68-dc09b69f0c1f,Kevin Knox
fef66c4b-8458-4022-a774-53924fe84082,Deborah Simpson
8df9cee9-b336-44ed-bee9-76b1fe17366f,Aaron Luna
40e4cfc9-107d-4493-97c3-c8a881fb9e27,Paula Shaw
f577d339-364b-4db3-8b3c-067557c160fa,Kelly Taylor
6376ea40-d401-41a4-8712-d005a72809e8,David Garrett
9985bf9d-0a1c-45dd-85e6-203ae4f1a4d4,Jeffrey Turner
eb5b396a-c01f-4536-ba2e-881f11ed36d1,Christina Cervantes
7a40d327-5bb3-4c41-a80d-fcfd2a67cf56,Molly Wilson
a7f86306-6054-4d94-b663-fe5f80384a5c,Elizabeth Martin
e96b6d6d-c380-4008-b829-14499000e315,Charles Mayer
3d749f86-12d2-4c29-a78a-64fc0f9609fd,Courtney Reid
106c0a52-c4ab-4a76-ac82-4c119ea9452c,Andrew James
372b187e-9754-4385-8547-28e962833519,Sue Avila
33ddda34-e101-458a-bc08-bf26082e9191,Carl Wiggins
59879bb6-cd3c-46e3-935a-8e213802685c,Mark Sharp
b1d1f31c-ebeb-4b01-b2aa-8ae54dca99ee,Katherine Scott
47161c4b-20b4-41b5-ab0c-fdaafde4796f,Matthew Thornton
b32d3f52-75b1-40f0-b557-6ed6c8e26f13,Timothy Garcia
1e700b3d-cb48-4ae3-94d8-795a1166028c,Joseph Walker
0c546940-0bd7-452c-b538-2e82e4706015,Johnny Santana
4923b2c2-5e19-437d-88f9-61b35798cd1f,Laura Donaldson
081dac21-0ab6-497f-bb7a-4c71806307ca,Timothy Cobb
b93974e9-4006-4d62-821d-69df515063bf,Grant Raymond
e3d2c1cd-763c-4fe6-b29b-8aee32844ba6,Darlene Berry
924c0c5d-eb82-4abd-ae69-f5d5efeb652c,Deborah Sweeney
5b0da619-7741-49e7-bea6-70e882f12db9,Luis Tucker
41832273-56ae-4c7f-99e5-1f92197aeb58,Lance Carter
52807ba4-eb43-4cf6-82ef-4ebce7e82574,Chelsea Oconnor
50261a45-13e0-4f76-9246-b83ebb565299,Barbara Price
5e3e1332-3a6b-47b5-81c8-afc4092bd56a,Michelle Mathews MD
a943aa4d-0b84-4057-8e4a-324c08bf0fbc,Katherine Adams
11edf8dd-8c16-4847-94e0-b82199396bf6,Robert Campbell
ed0e05ea-229d-41ea-9d07-b76dc001bd3f,Barbara Brown
33dc4c4c-638d-4cac-b507-17f9dd0bfba9,Lawrence Martin
5fe45f02-00d4-4322-ba6a-881adb309c3d,Charles Harris Jr.
bdf79996-da4f-47a2-86d2-f8d25ec12484,Jennifer Ward
6e8ddf4f-ac68-4f28-be3b-55615fdaacbf,Jessica Martinez
40fab08f-4df2-471c-817b-b5c664ea6a64,Taylor Stephens
b47903e2-1d7c-4c03-a131-9cd891cd1d10,Steven Perez
9d9c95e7-c658-4fb2-8faf-0adcc3aaff07,Tara Wilson
5513f37b-5aec-47d6-9af5-b328cb52633d,Steven Garcia
cce33d2e-9a1d-4f45-b967-a3ec0537cfbe,Wendy Gillespie
cfddcb2b-e679-4c5a-a43c-0757928edb83,Christopher Chang
93d007d0-841f-4fc4-b61e-a762f26d9bfd,Cindy Thompson
37a0df7d-e748-4912-b7fe-cd556ede6913,Emily Bailey
2aa1b032-5b66-4b94-99fb-a8ce11db0a21,Melissa Jenkins
3795f6fa-e1bc-4bbe-b192-846a4fc866f9,Daniel Mccullough
8b49bbe9-6bc0-477f-9ef9-aa8d2cfc5c8f,Sara Garcia
5a985dc4-9c54-4e48-8c6e-6e27c23c1f82,Vincent Rasmussen
f6ea1c85-c3f8-43c1-a3bb-d2af967bd610,Michael Romero
48f2de98-ea39-4dc2-8978-4279a76b16e4,James Martinez
760f6b27-2a66-411e-b84f-82974cb04708,Michaela Jones
fb58daf7-3bf2-491b-b876-cd57bcaec6d7,Anthony Stevens
420411a9-6a74-41b6-bdd8-da18d8861913,Timothy Griffin
d5f11f66-3032-41f0-802f-9663719080d5,Carl Clark
dfd0afda-8b27-4fff-a6df-f514dcf3ad98,Natalie Dyer
a651f9ea-c15a-419f-985e-b642eac4daaf,Frederick Harris
aa6b1136-3729-4216-84c4-27a4103e1ec2,Mr. Randy Larson
ec71e45a-411c-462f-8db8-2b591b75ff97,Connie Mooney
ac42c0c8-9540-4e9a-957e-18e0ce6413ec,Crystal Perez
8a6e5f44-3fb3-437d-ba82-494436eed19a,John Berger
9d6165a5-cd13-4145-9c67-d5d65b71fe5d,Robin Travis
1a37f3a4-0969-4923-9057-7216d9bb67ac,Trevor Hinton
7afae0e4-6847-4502-98e2-e6767348b8c0,Christopher Davis DDS
71ff31f8-1a61-43e6-88c6-a92bc8852678,Paul Davis
7844b5e3-0652-44e5-a72b-2d10e7703d46,Ana Smith
4e9c8981-4234-44f5-8a75-ffa1b9f70ca9,Andrea Richards
e712b834-35e1-4e1e-9480-cb3d9a9a024d,Tyler Manning
88973ab9-b047-4599-a0ad-187a3f37e942,Lisa Walters
942d23c2-74b7-47d7-85ee-84e2d9bd51c4,Caitlin Leblanc
d01ecbcb-642b-4125-8dca-746785001883,Christian May
cb915b60-89e4-4661-98db-9b6f3b8d67aa,Eric Miller
8f9946c2-5e5d-40ec-96a4-167209ab78c2,Susan Buck
f1fdb94e-acd3-41bd-ab26-583fa2257d49,Anna Garcia
af69eb2a-51a8-4ea3-b602-d887288053cd,Ronald Valenzuela
0069dbdd-d253-4506-9f30-e4819d952816,Benjamin Davis
af2091d2-a7cb-4d27-9bb7-cdb294432cc2,Bridget Gilmore
c38448cc-9585-490e-9040-89399e69d812,Matthew White
f7cd19e4-687e-4984-8d8d-570eb8650df2,Brooke Juarez
2136012b-6408-4f89-ada4-1007a544161a,Tyler Richardson
d2aa72b8-5a74-47aa-8a8a-7d6b0cbda436,Mark Smith
b81a9739-65d3-4dab-ae7b-7883167f618b,Caitlin Yang
81136cd0-d2c8-43a5-994d-da76fe5deb6b,Pamela Olson
ccda729a-6cde-40a8-a554-7fd874852c0b,William Soto
5a28ba82-220f-4eb1-bb56-bfb7edb16e07,James Obrien
becf10c6-1ebd-46cd-8f3b-b11b29b0134d,Zachary Ellis
cf409388-073a-49b5-93b5-1d9295443554,Lynn Rodriguez
2a993346-f304-4325-a93a-45073b948884,Stacey Wilson
17c427b8-6c84-4803-8129-31a4ca7d9238,Angela Ramos
df4ae936-88f9-472b-beb0-ba9465a4579b,Joseph Conrad
f89ed75f-a730-44a2-9be9-37e858bd2760,Melissa Thompson
dedb85e9-7e2d-4b03-aeeb-d60154d545f3,Tony Jenkins
c0c74f90-63aa-4288-bd1f-ef9d33bf3a7c,Michael Roberts
006db369-010b-4392-8091-473183ef4bef,Sara Russo
5b71bcb1-b6b1-410a-b96d-8627bab07466,Bobby Hughes
ffc3ae0c-fc46-4f3f-ac92-f686de9a1f93,Erica Vincent
fece110d-1d5f-495a-8999-78f0802fe298,Susan Edwards
7fc8ee54-06b0-48b7-82df-48fdc1faef0e,James Carrillo
aa69d79d-5481-4f59-8b43-e3e527fad06b,Anne Jenkins
ba506ed9-2a28-42bc-8b45-f2508881bf44,John Bush
08ca6273-72ac-4665-8821-de7b9e6d2f79,Brandon Dixon
a6490523-84c0-4167-8b52-6ddd020927af,Dakota Luna
f3e0192b-cf0a-43d6-8cd4-76b519236cfc,Tracy Austin
145c72aa-1755-440c-b915-8aa5a39b37b0,David Houston
33c65cb0-493d-4e81-bdf9-743fda266715,Kerry Allen
0d7e69be-afe9-4375-95b8-82ac210a3ca4,Laura Fitzgerald
7e7087ab-555e-47be-aab7-6b6353c06116,Tristan Alvarez
ad95db65-52e9-4038-b392-661139863a2f,James Chambers
0a6bfac4-9737-4fe1-ae7e-1a285abcd952,Peggy Rose
74fc4daa-1bb6-4256-9d73-2393c2963509,Tina Norris
fea5a271-942d-4fdc-8bb1-0c9e2d92e042,Lisa Meyer
a2a7fd94-df91-47ab-aa19-6a7d5a13c3df,William Jones
e464342f-bdde-45b0-a248-b6b4fb36e2ae,Theresa Aguirre
4534e331-a8c7-4a51-adf0-410855af8cab,Timothy Reyes
4f2d4c8a-7e3f-4171-b956-aa35135eab76,Nicholas Avery
cb2a02a2-3815-4fcf-88e4-806f3be164ca,Rebecca Wright
fa27a672-b370-4224-b24a-d79b3b853b32,Benjamin Long
a2a5eae3-a049-4ee6-9c14-0aaf36e76e0f,Amanda Russell
73f96134-20bb-48d3-9847-06c34659437b,Angela Kirk
e7ecd532-de31-42b4-8c64-641241543a68,Thomas Chan
5675a0f5-8ed7-4519-994e-727d2a488acc,Monica Myers
93920c1a-9b03-44bf-8b86-cced8a0c33c2,Tracy Shaffer
2be9d922-c1cc-45d1-ae3e-5020a42a278e,Jennifer Nicholson
b1a4b044-f134-488e-a8ca-cad4878ea2e1,Jamie Cohen
37de3a0e-3957-4524-990a-ddc65bf4cb1c,Krystal Harris
9eae1ba0-da6f-4d68-9529-bee04ac74f55,Michael Clark
71358b93-422c-40a5-8874-465564b405f6,Grace Lane
ddae6467-f0bb-49b2-926a-9588228a61b7,Mrs. Michelle Brown
b3cfe1eb-e32f-4c01-8521-e77b6a45ddd9,Jordan Walsh
30ef331e-6c4e-48fe-96fb-b749e4bd8a45,Sandra Webb
794d7e8c-b4f5-4c8b-a72a-cb92b36a3c3e,Victoria Moore
6a58321d-9368-40d9-a78b-1b3cb0ac2067,Dan Meyer
9eff6c8f-8c2b-462c-a3a2-568127fc35e3,Anthony Jones
9a22a60a-ef17-43a6-a07e-4f9561249f3d,Jill Powell
7d1cae05-1212-4f75-bbaa-721cd9ffe369,Michael Woodard
a94cae7c-8636-45e0-8b85-c1f421c1d7f6,Zachary Acosta
e4dba056-6cfb-45e7-9ceb-8179a94991cc,Ronnie Salazar
2cd4a451-8c82-438a-8386-d5c946cda891,Charlotte Martinez
985a9158-818b-40c0-a92a-d18fba345d24,Michael Richards
ec07c2bb-426f-4c0f-a60b-0a18d9299b93,Shelby Ross
7c02e78f-a6d7-4c52-9c14-bd0537c19152,Thomas Johnson
f51aa8cc-3a63-4d4f-8cb4-2934f1a1e8f2,Melissa Hill
846ece08-8583-451f-9827-fa91637fb61a,Sarah Valentine
